{
	"texture_size": [64, 64],
	"textures": {
		"1": "item/furniture/misc/darkoak_globe",
		"particle": "item/furniture/misc/darkoak_globe"
	},
	"elements": [
		{
			"from": [2, 0, 2],
			"to": [14, 1, 14],
			"rotation": {"angle": 0, "axis": "y", "origin": [8, 1, 8]},
			"faces": {
				"north": {"uv": [8.504, 2.504, 11.496, 2.746], "texture": "#1"},
				"east": {"uv": [8.504, 2.754, 11.496, 2.996], "texture": "#1"},
				"south": {"uv": [8.504, 3.004, 11.496, 3.246], "texture": "#1"},
				"west": {"uv": [8.504, 3.254, 11.496, 3.496], "texture": "#1"},
				"up": {"uv": [2.996, 2.996, 0.004, 0.004], "texture": "#1"},
				"down": {"uv": [2.992, 0.004, 0, 2.996], "texture": "#1"}
			}
		},
		{
			"from": [3, 1, 3],
			"to": [13, 3, 13],
			"rotation": {"angle": 0, "axis": "y", "origin": [8, 2, 8]},
			"faces": {
				"north": {"uv": [8.004, 0.004, 10.496, 0.496], "texture": "#1"},
				"east": {"uv": [8.004, 0.004, 10.496, 0.496], "texture": "#1"},
				"south": {"uv": [8.004, 0.004, 10.496, 0.496], "texture": "#1"},
				"west": {"uv": [8.004, 0.004, 10.496, 0.496], "texture": "#1"},
				"up": {"uv": [5.496, 2.496, 3.004, 0.004], "texture": "#1"}
			}
		},
		{
			"from": [6.9, 2.9, 6.9],
			"to": [9.1, 6.1, 9.1],
			"rotation": {"angle": 0, "axis": "y", "origin": [8, 2, 8]},
			"faces": {
				"north": {"uv": [2.504, 6.754, 2.996, 7.496], "texture": "#1"},
				"east": {"uv": [2.504, 6.754, 2.996, 7.496], "texture": "#1"},
				"south": {"uv": [2.004, 8.504, 2.496, 9.246], "texture": "#1"},
				"west": {"uv": [2.504, 6.754, 2.996, 7.496], "texture": "#1"},
				"up": {"uv": [7.996, 8.996, 7.504, 8.504], "texture": "#1"}
			}
		},
		{
			"from": [7, 4, 3],
			"to": [9, 6, 11.5],
			"rotation": {"angle": 22.5, "axis": "x", "origin": [8, 4, 11.5]},
			"faces": {
				"north": {"uv": [8.504, 4.254, 8.996, 4.746], "texture": "#1"},
				"east": {"uv": [8.004, 1.504, 10.125, 1.996], "texture": "#1"},
				"south": {"uv": [8.504, 4.754, 8.996, 5.246], "texture": "#1"},
				"west": {"uv": [8.004, 2.004, 10.125, 2.496], "texture": "#1"},
				"up": {"uv": [8.496, 4.625, 8.004, 2.504], "texture": "#1"},
				"down": {"uv": [8.496, 4.754, 8.004, 6.875], "texture": "#1"}
			}
		},
		{
			"from": [7, 17, 3],
			"to": [9, 19, 11.5],
			"rotation": {"angle": 22.5, "axis": "x", "origin": [8, 4, 11.5]},
			"faces": {
				"north": {"uv": [8.504, 6.254, 8.996, 6.746], "texture": "#1"},
				"east": {"uv": [7.004, 8.004, 9.125, 8.496], "texture": "#1"},
				"south": {"uv": [7.004, 8.504, 7.496, 8.996], "texture": "#1"},
				"west": {"uv": [8.004, 7.004, 10.125, 7.496], "texture": "#1"},
				"up": {"uv": [0.496, 10.625, 0.004, 8.504], "texture": "#1"},
				"down": {"uv": [0.996, 8.504, 0.504, 10.625], "texture": "#1"}
			}
		},
		{
			"from": [7, 6, 9.5],
			"to": [9, 17, 11.5],
			"rotation": {"angle": 22.5, "axis": "x", "origin": [8, 4, 11.5]},
			"faces": {
				"north": {"uv": [5.004, 7.504, 5.496, 10.246], "texture": "#1"},
				"east": {"uv": [5.504, 7.504, 5.996, 10.246], "texture": "#1"},
				"south": {"uv": [6.004, 7.504, 6.496, 10.246], "texture": "#1"},
				"west": {"uv": [6.504, 7.504, 6.996, 10.246], "texture": "#1"}
			}
		},
		{
			"name": "globe",
			"from": [3, 6.5, -1],
			"to": [13, 16.5, 9],
			"rotation": {"angle": 22.5, "axis": "x", "origin": [8, 4, 11.5]},
			"faces": {
				"north": {"uv": [3.004, 5.004, 5.496, 7.496], "texture": "#1"},
				"east": {"uv": [5.504, 0.004, 7.996, 2.496], "texture": "#1"},
				"south": {"uv": [5.504, 2.504, 7.996, 4.996], "texture": "#1"},
				"west": {"uv": [5.504, 5.004, 7.996, 7.496], "texture": "#1"},
				"up": {"uv": [2.496, 8.496, 0.004, 6.004], "texture": "#1"},
				"down": {"uv": [4.996, 7.504, 2.504, 9.996], "texture": "#1"}
			}
		},
		{
			"name": "globe",
			"from": [2.75, 6.25, -1.25],
			"to": [13.25, 16.75, 9.25],
			"rotation": {"angle": 22.5, "axis": "x", "origin": [8, 4, 11.5]},
			"faces": {
				"north": {"uv": [5.004, 11.254, 7.496, 13.746], "texture": "#1"},
				"east": {"uv": [12.504, 11.254, 14.996, 13.746], "texture": "#1"},
				"south": {"uv": [10.004, 11.254, 12.496, 13.746], "texture": "#1"},
				"west": {"uv": [7.504, 11.254, 9.996, 13.746], "texture": "#1"},
				"up": {"uv": [2.496, 13.746, 0.004, 11.254], "texture": "#1"},
				"down": {"uv": [4.996, 11.254, 2.504, 13.746], "texture": "#1"}
			}
		},
		{
			"from": [7.5, 6, 3.5],
			"to": [8.5, 17, 4.5],
			"rotation": {"angle": 22.5, "axis": "x", "origin": [8, 4, 11.5]},
			"faces": {
				"north": {"uv": [1.004, 8.504, 1.246, 11.246], "texture": "#1"},
				"east": {"uv": [1.254, 8.504, 1.496, 11.246], "texture": "#1"},
				"south": {"uv": [1.504, 8.504, 1.746, 11.246], "texture": "#1"},
				"west": {"uv": [1.754, 8.504, 1.996, 11.246], "texture": "#1"}
			}
		}
	],
	"display": {
		"thirdperson_righthand": {
			"rotation": [75, 45, 0],
			"translation": [0, 2.5, 0],
			"scale": [0.375, 0.375, 0.375]
		},
		"thirdperson_lefthand": {
			"rotation": [75, 45, 0],
			"translation": [0, 2.5, 0],
			"scale": [0.375, 0.375, 0.375]
		},
		"firstperson_righthand": {
			"rotation": [0, 45, 0],
			"translation": [1.25, 0, -2],
			"scale": [0.4, 0.4, 0.4]
		},
		"firstperson_lefthand": {
			"rotation": [0, 45, 0],
			"translation": [1.25, 0, -2],
			"scale": [0.4, 0.4, 0.4]
		},
		"ground": {
			"translation": [0, 3, 0],
			"scale": [0.33, 0.33, 0.33]
		},
		"gui": {
			"rotation": [30, 135, 0],
			"translation": [0, -0.25, 0],
			"scale": [0.625, 0.625, 0.625]
		},
		"head": {
			"translation": [0, 14.5, 0]
		},
		"fixed": {
			"rotation": [-90, 0, 0],
			"translation": [0, 0, -16],
			"scale": [2, 2, 2]
		}
	},
	"groups": [
		{
			"name": "base",
			"origin": [8, 2, 8],
			"color": 0,
			"nbt": "{}",
			"children": [0, 1, 2]
		},
		{
			"name": "group",
			"origin": [8, 2, 8],
			"color": 0,
			"nbt": "{}",
			"children": [3, 4, 5, 6, 7, 8]
		}
	]
}