{
	"textures": {
		"0": "item/furniture/misc/gold_ingot",
		"particle": "item/furniture/misc/gold_ingot"
	},
	"elements": [
		{
			"from": [-0.5, 0, -0.5],
			"to": [7.5, 3, 4.5],
			"rotation": {"angle": 0, "axis": "y", "origin": [3.5, 1.5, 2]},
			"faces": {
				"north": {"uv": [8, 0, 16, 3], "texture": "#0"},
				"east": {"uv": [8, 6, 13, 9], "texture": "#0"},
				"south": {"uv": [8, 3, 16, 6], "texture": "#0"},
				"west": {"uv": [8, 9, 13, 12], "texture": "#0"},
				"up": {"uv": [8, 5, 0, 0], "texture": "#0"},
				"down": {"uv": [8, 5, 0, 10], "texture": "#0"}
			}
		},
		{
			"from": [-0.5, 0, 5.25],
			"to": [7.5, 3, 10.25],
			"rotation": {"angle": 0, "axis": "y", "origin": [3.5, 1.5, 7.75]},
			"faces": {
				"north": {"uv": [8, 0, 16, 3], "texture": "#0"},
				"east": {"uv": [8, 6, 13, 9], "texture": "#0"},
				"south": {"uv": [8, 3, 16, 6], "texture": "#0"},
				"west": {"uv": [8, 9, 13, 12], "texture": "#0"},
				"up": {"uv": [8, 5, 0, 0], "texture": "#0"},
				"down": {"uv": [8, 5, 0, 10], "texture": "#0"}
			}
		},
		{
			"from": [-0.5, 0, 12.5],
			"to": [7.5, 3, 17.5],
			"rotation": {"angle": -22.5, "axis": "y", "origin": [3.5, 1.5, 15]},
			"faces": {
				"north": {"uv": [8, 0, 16, 3], "texture": "#0"},
				"east": {"uv": [8, 6, 13, 9], "texture": "#0"},
				"south": {"uv": [8, 3, 16, 6], "texture": "#0"},
				"west": {"uv": [8, 9, 13, 12], "texture": "#0"},
				"up": {"uv": [8, 5, 0, 0], "texture": "#0"},
				"down": {"uv": [8, 5, 0, 10], "texture": "#0"}
			}
		},
		{
			"from": [8.5, 0, -0.5],
			"to": [16.5, 3, 4.5],
			"rotation": {"angle": 22.5, "axis": "y", "origin": [12.5, 1.5, 2]},
			"faces": {
				"north": {"uv": [8, 0, 16, 3], "texture": "#0"},
				"east": {"uv": [8, 6, 13, 9], "texture": "#0"},
				"south": {"uv": [8, 3, 16, 6], "texture": "#0"},
				"west": {"uv": [8, 9, 13, 12], "texture": "#0"},
				"up": {"uv": [8, 5, 0, 0], "texture": "#0"},
				"down": {"uv": [8, 5, 0, 10], "texture": "#0"}
			}
		},
		{
			"from": [10, 0, 7],
			"to": [15, 3, 15],
			"rotation": {"angle": -22.5, "axis": "y", "origin": [12.5, 1.5, 11]},
			"faces": {
				"north": {"uv": [8, 6, 13, 9], "texture": "#0"},
				"east": {"uv": [8, 0, 16, 3], "texture": "#0"},
				"south": {"uv": [8, 9, 13, 12], "texture": "#0"},
				"west": {"uv": [8, 3, 16, 6], "texture": "#0"},
				"up": {"uv": [8, 5, 0, 0], "rotation": 90, "texture": "#0"},
				"down": {"uv": [0, 10, 8, 5], "rotation": 90, "texture": "#0"}
			}
		},
		{
			"from": [1, 3, 0],
			"to": [6, 6, 8],
			"rotation": {"angle": -22.5, "axis": "y", "origin": [3.5, 4.5, 4]},
			"faces": {
				"north": {"uv": [8, 6, 13, 9], "texture": "#0"},
				"east": {"uv": [8, 0, 16, 3], "texture": "#0"},
				"south": {"uv": [8, 9, 13, 12], "texture": "#0"},
				"west": {"uv": [8, 3, 16, 6], "texture": "#0"},
				"up": {"uv": [8, 5, 0, 0], "rotation": 90, "texture": "#0"},
				"down": {"uv": [0, 10, 8, 5], "rotation": 90, "texture": "#0"}
			}
		},
		{
			"from": [10, 3, 0],
			"to": [15, 6, 8],
			"rotation": {"angle": 0, "axis": "y", "origin": [12.5, 4.5, 4]},
			"faces": {
				"north": {"uv": [8, 6, 13, 9], "texture": "#0"},
				"east": {"uv": [8, 0, 16, 3], "texture": "#0"},
				"south": {"uv": [8, 9, 13, 12], "texture": "#0"},
				"west": {"uv": [8, 3, 16, 6], "texture": "#0"},
				"up": {"uv": [8, 5, 0, 0], "rotation": 90, "texture": "#0"},
				"down": {"uv": [0, 10, 8, 5], "rotation": 90, "texture": "#0"}
			}
		},
		{
			"from": [6, 3, 8],
			"to": [11, 6, 16],
			"rotation": {"angle": 22.5, "axis": "y", "origin": [8.5, 4.5, 12]},
			"faces": {
				"north": {"uv": [8, 6, 13, 9], "texture": "#0"},
				"east": {"uv": [8, 0, 16, 3], "texture": "#0"},
				"south": {"uv": [8, 9, 13, 12], "texture": "#0"},
				"west": {"uv": [8, 3, 16, 6], "texture": "#0"},
				"up": {"uv": [8, 5, 0, 0], "rotation": 90, "texture": "#0"},
				"down": {"uv": [0, 10, 8, 5], "rotation": 90, "texture": "#0"}
			}
		},
		{
			"from": [4.5, 6, 5.5],
			"to": [12.5, 9, 10.5],
			"rotation": {"angle": 0, "axis": "y", "origin": [8.5, 7.5, 8]},
			"faces": {
				"north": {"uv": [8, 0, 16, 3], "texture": "#0"},
				"east": {"uv": [8, 6, 13, 9], "texture": "#0"},
				"south": {"uv": [8, 3, 16, 6], "texture": "#0"},
				"west": {"uv": [8, 9, 13, 12], "texture": "#0"},
				"up": {"uv": [8, 5, 0, 0], "texture": "#0"},
				"down": {"uv": [8, 5, 0, 10], "texture": "#0"}
			}
		}
	],
	"display": {
		"thirdperson_righthand": {
			"rotation": [75, 45, 0],
			"translation": [0, 2.5, 0.75],
			"scale": [0.375, 0.375, 0.375]
		},
		"thirdperson_lefthand": {
			"rotation": [75, 45, 0],
			"translation": [0, 2.5, 0.75],
			"scale": [0.375, 0.375, 0.375]
		},
		"firstperson_righthand": {
			"rotation": [0, 45, 0],
			"translation": [0, 1.5, 0],
			"scale": [0.4, 0.4, 0.4]
		},
		"firstperson_lefthand": {
			"rotation": [0, 45, 0],
			"translation": [0, 1.5, 0],
			"scale": [0.4, 0.4, 0.4]
		},
		"ground": {
			"translation": [0, 3, 0],
			"scale": [0.25, 0.25, 0.25]
		},
		"gui": {
			"rotation": [30, 135, 0],
			"translation": [0, 2.5, 0],
			"scale": [0.625, 0.625, 0.625]
		},
		"head": {
			"translation": [0, 13.25, 0]
		},
		"fixed": {
			"rotation": [-90, 0, 0],
			"translation": [0, 0, -16],
			"scale": [2, 2, 2]
		}
	}
}