{
	"textures": {
		"0": "item/furniture/misc/small_gold_coin_piles",
		"particle": "item/furniture/misc/small_gold_coin_piles"
	},
	"elements": [
		{
			"from": [10, 0, 2],
			"to": [12, 1, 4],
			"rotation": {"angle": 0, "axis": "y", "origin": [11, 0.5, 3]},
			"faces": {
				"north": {"uv": [10, 2, 12, 3], "texture": "#0"},
				"east": {"uv": [10, 2, 12, 3], "texture": "#0"},
				"south": {"uv": [10, 2, 12, 3], "texture": "#0"},
				"west": {"uv": [10, 2, 12, 3], "texture": "#0"},
				"up": {"uv": [10, 0, 12, 2], "rotation": 90, "texture": "#0"},
				"down": {"uv": [10, 0, 12, 2], "rotation": 270, "texture": "#0"}
			}
		},
		{
			"from": [3, 0, 9],
			"to": [5, 1, 11],
			"rotation": {"angle": 0, "axis": "y", "origin": [3, 0, 9]},
			"faces": {
				"north": {"uv": [10, 2, 12, 3], "texture": "#0"},
				"east": {"uv": [10, 2, 12, 3], "texture": "#0"},
				"south": {"uv": [10, 2, 12, 3], "texture": "#0"},
				"west": {"uv": [10, 2, 12, 3], "texture": "#0"},
				"up": {"uv": [10, 0, 12, 2], "texture": "#0"},
				"down": {"uv": [10, 0, 12, 2], "texture": "#0"}
			}
		},
		{
			"from": [3, 0, 2],
			"to": [6, 1, 5],
			"rotation": {"angle": -22.5, "axis": "y", "origin": [4.5, 0.5, 3.5]},
			"faces": {
				"north": {"uv": [4, 8, 7, 9], "texture": "#0"},
				"east": {"uv": [4, 8, 7, 9], "texture": "#0"},
				"south": {"uv": [4, 8, 7, 9], "texture": "#0"},
				"west": {"uv": [4, 8, 7, 9], "texture": "#0"},
				"up": {"uv": [3, 9, 6, 12], "texture": "#0"},
				"down": {"uv": [3, 9, 6, 12], "texture": "#0"}
			}
		},
		{
			"from": [11, 0, 6],
			"to": [14, 2, 9],
			"rotation": {"angle": -22.5, "axis": "y", "origin": [12.5, 0.5, 7.5]},
			"faces": {
				"north": {"uv": [8, 7, 11, 9], "texture": "#0"},
				"east": {"uv": [8, 7, 11, 9], "texture": "#0"},
				"south": {"uv": [8, 7, 11, 9], "texture": "#0"},
				"west": {"uv": [8, 7, 11, 9], "texture": "#0"},
				"up": {"uv": [3, 9, 6, 12], "texture": "#0"},
				"down": {"uv": [3, 9, 6, 12], "texture": "#0"}
			}
		},
		{
			"from": [6, 0, 11],
			"to": [9, 1, 14],
			"rotation": {"angle": -22.5, "axis": "y", "origin": [7.5, 0.5, 12.5]},
			"faces": {
				"north": {"uv": [4, 8, 7, 9], "texture": "#0"},
				"east": {"uv": [4, 8, 7, 9], "texture": "#0"},
				"south": {"uv": [4, 8, 7, 9], "texture": "#0"},
				"west": {"uv": [4, 8, 7, 9], "texture": "#0"},
				"up": {"uv": [3, 9, 6, 12], "texture": "#0"},
				"down": {"uv": [3, 9, 6, 12], "texture": "#0"}
			}
		},
		{
			"from": [6, 1, 11],
			"to": [9, 2, 14],
			"rotation": {"angle": 0, "axis": "y", "origin": [7.5, 1.5, 12.5]},
			"faces": {
				"north": {"uv": [8, 7, 11, 8], "texture": "#0"},
				"east": {"uv": [8, 7, 11, 8], "texture": "#0"},
				"south": {"uv": [8, 7, 11, 8], "texture": "#0"},
				"west": {"uv": [8, 7, 11, 8], "texture": "#0"},
				"up": {"uv": [3, 9, 6, 12], "texture": "#0"},
				"down": {"uv": [3, 9, 6, 12], "texture": "#0"}
			}
		},
		{
			"from": [12, 0, 11],
			"to": [14, 1, 13],
			"rotation": {"angle": 22.5, "axis": "y", "origin": [13, 0.5, 12]},
			"faces": {
				"north": {"uv": [10, 2, 12, 3], "texture": "#0"},
				"east": {"uv": [10, 2, 12, 3], "texture": "#0"},
				"south": {"uv": [10, 2, 12, 3], "texture": "#0"},
				"west": {"uv": [10, 2, 12, 3], "texture": "#0"},
				"up": {"uv": [10, 0, 12, 2], "texture": "#0"},
				"down": {"uv": [10, 0, 12, 2], "texture": "#0"}
			}
		}
	],
	"display": {
		"thirdperson_righthand": {
			"rotation": [75, 45, 0],
			"translation": [0, 2, 2.25],
			"scale": [0.375, 0.375, 0.375]
		},
		"thirdperson_lefthand": {
			"rotation": [75, 45, 0],
			"translation": [0, 2, 2.25],
			"scale": [0.375, 0.375, 0.375]
		},
		"firstperson_righthand": {
			"rotation": [0, 45, 0],
			"translation": [0, 3.75, 0],
			"scale": [0.4, 0.4, 0.4]
		},
		"firstperson_lefthand": {
			"rotation": [0, 45, 0],
			"translation": [0, 3.75, 0],
			"scale": [0.4, 0.4, 0.4]
		},
		"ground": {
			"translation": [0, 3, 0],
			"scale": [0.25, 0.25, 0.25]
		},
		"gui": {
			"rotation": [30, 225, 0],
			"translation": [0, 5.25, 0],
			"scale": [0.93, 0.93, 0.93]
		},
		"head": {
			"translation": [0, 14.5, 0]
		},
		"fixed": {
			"rotation": [-90, 0, 0],
			"translation": [0, 0, -16],
			"scale": [2, 2, 2]
		}
	}
}