{
	"textures": {
		"0": "item/furniture/misc/small_gold_coin_piles",
		"particle": "item/furniture/misc/small_gold_coin_piles"
	},
	"elements": [
		{
			"from": [11, 0, 1],
			"to": [14, 1, 4],
			"rotation": {"angle": 0, "axis": "y", "origin": [2, 0, 0]},
			"faces": {
				"north": {"uv": [3, 9, 6, 10], "texture": "#0"},
				"east": {"uv": [3, 9, 6, 10], "texture": "#0"},
				"south": {"uv": [3, 9, 6, 10], "texture": "#0"},
				"west": {"uv": [3, 9, 6, 10], "texture": "#0"},
				"up": {"uv": [3, 9, 6, 12], "texture": "#0"},
				"down": {"uv": [3, 9, 6, 12], "texture": "#0"}
			}
		},
		{
			"from": [1, 0, 1],
			"to": [4, 1, 4],
			"rotation": {"angle": 22.5, "axis": "y", "origin": [2.5, 0.5, 2.5]},
			"faces": {
				"north": {"uv": [3, 9, 6, 10], "texture": "#0"},
				"east": {"uv": [3, 9, 6, 10], "texture": "#0"},
				"south": {"uv": [3, 9, 6, 10], "texture": "#0"},
				"west": {"uv": [3, 9, 6, 10], "texture": "#0"},
				"up": {"uv": [3, 9, 6, 12], "texture": "#0"},
				"down": {"uv": [3, 9, 6, 12], "texture": "#0"}
			}
		},
		{
			"from": [11, 0, 11],
			"to": [14, 9, 14],
			"rotation": {"angle": 22.5, "axis": "y", "origin": [12.5, 0.5, 12.5]},
			"faces": {
				"north": {"uv": [0, 0, 3, 9], "texture": "#0"},
				"east": {"uv": [3, 0, 6, 9], "texture": "#0"},
				"south": {"uv": [6, 0, 9, 9], "texture": "#0"},
				"west": {"uv": [1, 0, 4, 9], "texture": "#0"},
				"up": {"uv": [12, 3, 9, 0], "texture": "#0"},
				"down": {"uv": [6, 9, 3, 12], "texture": "#0"}
			}
		},
		{
			"from": [8, 0, 7],
			"to": [10, 1, 9],
			"rotation": {"angle": 0, "axis": "y", "origin": [-1, 0, 5]},
			"faces": {
				"north": {"uv": [9, 3, 11, 4], "texture": "#0"},
				"east": {"uv": [9, 3, 11, 4], "texture": "#0"},
				"south": {"uv": [9, 3, 11, 4], "texture": "#0"},
				"west": {"uv": [9, 3, 11, 4], "texture": "#0"},
				"up": {"uv": [9, 3, 11, 5], "texture": "#0"},
				"down": {"uv": [9, 3, 11, 5], "texture": "#0"}
			}
		},
		{
			"from": [4, 0, 10.5],
			"to": [6, 1, 12.5],
			"rotation": {"angle": -45, "axis": "x", "origin": [5, 0, 10.5]},
			"faces": {
				"north": {"uv": [9, 3, 11, 4], "texture": "#0"},
				"east": {"uv": [9, 3, 11, 4], "texture": "#0"},
				"south": {"uv": [9, 3, 11, 4], "texture": "#0"},
				"west": {"uv": [9, 3, 11, 4], "texture": "#0"},
				"up": {"uv": [9, 3, 11, 5], "texture": "#0"},
				"down": {"uv": [9, 3, 11, 5], "texture": "#0"}
			}
		},
		{
			"from": [4.75, 0, 5],
			"to": [6.75, 1, 7],
			"rotation": {"angle": -45, "axis": "y", "origin": [5.75, 0.5, 6]},
			"faces": {
				"north": {"uv": [9, 3, 11, 4], "texture": "#0"},
				"east": {"uv": [9, 3, 11, 4], "texture": "#0"},
				"south": {"uv": [9, 3, 11, 4], "texture": "#0"},
				"west": {"uv": [9, 3, 11, 4], "texture": "#0"},
				"up": {"uv": [9, 3, 11, 5], "texture": "#0"},
				"down": {"uv": [9, 3, 11, 5], "texture": "#0"}
			}
		},
		{
			"from": [5, 0, 12],
			"to": [7, 4, 14],
			"rotation": {"angle": 0, "axis": "y", "origin": [-4, 0, 10]},
			"faces": {
				"north": {"uv": [9, 5, 11, 9], "texture": "#0"},
				"east": {"uv": [9, 5, 11, 9], "texture": "#0"},
				"south": {"uv": [9, 5, 11, 9], "texture": "#0"},
				"west": {"uv": [9, 5, 11, 9], "texture": "#0"},
				"up": {"uv": [9, 3, 11, 5], "texture": "#0"},
				"down": {"uv": [9, 3, 11, 5], "texture": "#0"}
			}
		},
		{
			"from": [1, 0, 10],
			"to": [3, 4, 12],
			"rotation": {"angle": -45, "axis": "y", "origin": [2, 2, 11]},
			"faces": {
				"north": {"uv": [9, 5, 11, 9], "texture": "#0"},
				"east": {"uv": [9, 5, 11, 9], "texture": "#0"},
				"south": {"uv": [9, 5, 11, 9], "texture": "#0"},
				"west": {"uv": [9, 5, 11, 9], "texture": "#0"},
				"up": {"uv": [9, 3, 11, 5], "texture": "#0"},
				"down": {"uv": [9, 3, 11, 5], "texture": "#0"}
			}
		},
		{
			"from": [2, 0, 7],
			"to": [4, 1, 9],
			"rotation": {"angle": -22.5, "axis": "y", "origin": [3, 0.5, 8]},
			"faces": {
				"north": {"uv": [9, 3, 11, 4], "texture": "#0"},
				"east": {"uv": [9, 3, 11, 4], "texture": "#0"},
				"south": {"uv": [9, 3, 11, 4], "texture": "#0"},
				"west": {"uv": [9, 3, 11, 4], "texture": "#0"},
				"up": {"uv": [9, 3, 11, 5], "texture": "#0"},
				"down": {"uv": [9, 3, 11, 5], "texture": "#0"}
			}
		},
		{
			"from": [8.75, 0, 2],
			"to": [11.75, 1, 5],
			"rotation": {"angle": 22.5, "axis": "z", "origin": [8.75, 0, 3.5]},
			"faces": {
				"north": {"uv": [3, 9, 6, 10], "texture": "#0"},
				"east": {"uv": [3, 9, 6, 10], "texture": "#0"},
				"south": {"uv": [3, 9, 6, 10], "texture": "#0"},
				"west": {"uv": [3, 9, 6, 10], "texture": "#0"},
				"up": {"uv": [3, 9, 6, 12], "texture": "#0"},
				"down": {"uv": [3, 9, 6, 12], "texture": "#0"}
			}
		}
	],
	"display": {
		"thirdperson_righthand": {
			"rotation": [75, 45, 0],
			"translation": [0, 2.75, 2],
			"scale": [0.375, 0.375, 0.375]
		},
		"thirdperson_lefthand": {
			"rotation": [75, 45, 0],
			"translation": [0, 2.75, 2],
			"scale": [0.375, 0.375, 0.375]
		},
		"firstperson_righthand": {
			"rotation": [0, 45, 0],
			"translation": [4, 1, -4.25],
			"scale": [0.4, 0.4, 0.4]
		},
		"firstperson_lefthand": {
			"rotation": [0, 45, 0],
			"translation": [4, 1, -4.25],
			"scale": [0.4, 0.4, 0.4]
		},
		"ground": {
			"translation": [0, 3, 0],
			"scale": [0.4, 0.4, 0.4]
		},
		"gui": {
			"rotation": [30, 135, 0],
			"translation": [0.25, 2.75, 0],
			"scale": [0.8, 0.8, 0.8]
		},
		"head": {
			"translation": [0, 14.25, 0]
		},
		"fixed": {
			"rotation": [-90, 0, 0],
			"translation": [0, 0, -16],
			"scale": [2, 2, 2]
		}
	}
}