{
	"texture_size": [64, 64],
	"textures": {
		"0": "item/furniture/tables/darkoak_table_gold",
		"particle": "item/furniture/tables/darkoak_table_gold"
	},
	"elements": [
		{
			"from": [-3, 0, -3],
			"to": [-1, 13, -1],
			"rotation": {"angle": 0, "axis": "y", "origin": [-3, 0, -3]},
			"faces": {
				"north": {"uv": [6.25, 4.25, 5.75, 7.5], "texture": "#0"},
				"east": {"uv": [6.25, 4.25, 5.75, 7.5], "texture": "#0"},
				"south": {"uv": [6.25, 4.25, 5.75, 7.5], "texture": "#0"},
				"west": {"uv": [6.25, 4.25, 5.75, 7.5], "texture": "#0"},
				"down": {"uv": [6.25, 7.5, 5.75, 8], "texture": "#0"}
			}
		},
		{
			"from": [-3, 0, 17],
			"to": [-1, 13, 19],
			"rotation": {"angle": 0, "axis": "y", "origin": [-3, 0, 17]},
			"faces": {
				"north": {"uv": [6.25, 4.25, 5.75, 7.5], "texture": "#0"},
				"east": {"uv": [6.25, 4.25, 5.75, 7.5], "texture": "#0"},
				"south": {"uv": [6.25, 4.25, 5.75, 7.5], "texture": "#0"},
				"west": {"uv": [6.25, 4.25, 5.75, 7.5], "texture": "#0"},
				"down": {"uv": [6.25, 7.5, 5.75, 8], "texture": "#0"}
			}
		},
		{
			"from": [17, 0, 17],
			"to": [19, 13, 19],
			"rotation": {"angle": 0, "axis": "y", "origin": [19, 0, 17]},
			"faces": {
				"north": {"uv": [6.25, 4.25, 5.75, 7.5], "texture": "#0"},
				"east": {"uv": [6.25, 4.25, 5.75, 7.5], "texture": "#0"},
				"south": {"uv": [6.25, 4.25, 5.75, 7.5], "texture": "#0"},
				"west": {"uv": [6.25, 4.25, 5.75, 7.5], "texture": "#0"},
				"down": {"uv": [6.25, 7.5, 5.75, 8], "texture": "#0"}
			}
		},
		{
			"from": [17, 0, -3],
			"to": [19, 13, -1],
			"rotation": {"angle": 0, "axis": "y", "origin": [19, 0, -3]},
			"faces": {
				"north": {"uv": [6.25, 4.25, 5.75, 7.5], "texture": "#0"},
				"east": {"uv": [6.25, 4.25, 5.75, 7.5], "texture": "#0"},
				"south": {"uv": [6.25, 4.25, 5.75, 7.5], "texture": "#0"},
				"west": {"uv": [6.25, 4.25, 5.75, 7.5], "texture": "#0"},
				"down": {"uv": [6.25, 7.5, 5.75, 8], "texture": "#0"}
			}
		},
		{
			"from": [-3.25, 13, -3.25],
			"to": [19.25, 16, 19.25],
			"rotation": {"angle": 0, "axis": "y", "origin": [9, 13, 7]},
			"faces": {
				"north": {"uv": [5.75, 0, 11.5, 0.75], "texture": "#0"},
				"east": {"uv": [5.75, 0, 11.5, 0.75], "texture": "#0"},
				"south": {"uv": [5.75, 0, 11.5, 0.75], "texture": "#0"},
				"west": {"uv": [5.75, 0, 11.5, 0.75], "texture": "#0"},
				"up": {"uv": [5.75, 5.75, 0, 0], "texture": "#0"},
				"down": {"uv": [5.75, 0, 0, 5.75], "texture": "#0"}
			}
		}
	],
	"display": {
		"thirdperson_righthand": {
			"rotation": [75, 45, 0],
			"translation": [0, 3, 0],
			"scale": [0.375, 0.375, 0.375]
		},
		"thirdperson_lefthand": {
			"rotation": [75, 45, 0],
			"translation": [0, 3, 0],
			"scale": [0.375, 0.375, 0.375]
		},
		"firstperson_righthand": {
			"rotation": [0, 45, 0],
			"scale": [0.4, 0.4, 0.4]
		},
		"firstperson_lefthand": {
			"rotation": [0, 45, 0],
			"scale": [0.4, 0.4, 0.4]
		},
		"ground": {
			"translation": [0, 3, 0],
			"scale": [0.25, 0.25, 0.25]
		},
		"gui": {
			"rotation": [30, 225, 0],
			"scale": [0.48, 0.48, 0.48]
		},
		"fixed": {
			"rotation": [-90, 0, 0],
			"translation": [0, 0, -16],
			"scale": [2, 2, 2]
		}
	}
}