{"sources":[{"type":"single","sprite":"minecraft:trims/models/armor/chainmail","resource":"minecraft:trims/models/armor/chainmail"},{"type":"single","sprite":"minecraft:trims/models/armor/chainmail_leggings","resource":"minecraft:trims/models/armor/chainmail_leggings"},{"type":"directory","source":"sgui/elements","prefix":"sgui/elements/"},{"type":"paletted_permutations","textures":["polydecorations:block/sign_post","polydecorations:block/mailbox_front"],"palette_key":"polydecorations:palette/wood/oak","permutations":{"acacia":"polydecorations:palette/wood/acacia","birch":"polydecorations:palette/wood/birch","cherry":"polydecorations:palette/wood/cherry","crimson":"polydecorations:palette/wood/crimson","dark_oak":"polydecorations:palette/wood/dark_oak","jungle":"polydecorations:palette/wood/jungle","mangrove":"polydecorations:palette/wood/mangrove","oak":"polydecorations:palette/wood/oak","spruce":"polydecorations:palette/wood/spruce","warped":"polydecorations:palette/wood/warped"}}]}