{
	"texture_size": [64, 64],
	"textures": {
		"0": "item/furniture/shelves/iron_oak_wall_shelf",
		"particle": "item/furniture/shelves/iron_oak_wall_shelf"
	},
	"elements": [
		{
			"from": [21, -1, 15],
			"to": [23, 13, 16],
			"faces": {
				"north": {"uv": [0, 5, 3.5, 5.5], "rotation": 270, "texture": "#0"},
				"east": {"uv": [0, 5.75, 3.5, 6], "rotation": 90, "texture": "#0"},
				"south": {"uv": [0, 5, 3.5, 5.5], "rotation": 90, "texture": "#0"},
				"west": {"uv": [0, 6, 3.5, 6.25], "rotation": 90, "texture": "#0"},
				"up": {"uv": [0.5, 4.25, 0, 4], "texture": "#0"},
				"down": {"uv": [0.5, 4.5, 0, 4.75], "texture": "#0"}
			}
		},
		{
			"from": [21, 12, 1],
			"to": [23, 13, 15],
			"faces": {
				"north": {"uv": [0, 5.75, 0.5, 6], "texture": "#0"},
				"east": {"uv": [0, 5.75, 3.5, 6], "texture": "#0"},
				"west": {"uv": [0, 6, 3.5, 6.25], "texture": "#0"},
				"down": {"uv": [3.5, 4.5, 0, 5], "rotation": 90, "texture": "#0"}
			}
		},
		{
			"from": [-7, 12, 1],
			"to": [-5, 13, 15],
			"faces": {
				"north": {"uv": [0, 5.75, 0.5, 6], "texture": "#0"},
				"east": {"uv": [0, 5.75, 3.5, 6], "texture": "#0"},
				"west": {"uv": [0, 6, 3.5, 6.25], "texture": "#0"},
				"down": {"uv": [3.5, 4.5, 0, 5], "rotation": 90, "texture": "#0"}
			}
		},
		{
			"from": [22, -2, 1],
			"to": [22, 12, 15],
			"faces": {
				"east": {"uv": [3.5, 6.25, 0, 9.75], "texture": "#0"},
				"west": {"uv": [0, 6.25, 3.5, 9.75], "texture": "#0"}
			}
		},
		{
			"from": [-6, -2, 1],
			"to": [-6, 12, 15],
			"faces": {
				"east": {"uv": [3.5, 6.25, 0, 9.75], "texture": "#0"},
				"west": {"uv": [0, 6.25, 3.5, 9.75], "texture": "#0"}
			}
		},
		{
			"from": [-8, 13, 0],
			"to": [24, 16, 16],
			"faces": {
				"north": {"uv": [8, 0.75, 16, 0], "texture": "#0"},
				"east": {"uv": [12, 0.75, 8, 1.5], "texture": "#0"},
				"south": {"uv": [8, 0, 16, 0.75], "texture": "#0"},
				"west": {"uv": [8, 0.75, 12, 1.5], "texture": "#0"},
				"up": {"uv": [0, 0, 8, 4], "texture": "#0"},
				"down": {"uv": [8, 0, 0, 4], "texture": "#0"}
			}
		},
		{
			"from": [-7, -1, 15],
			"to": [-5, 13, 16],
			"faces": {
				"north": {"uv": [0, 5, 3.5, 5.5], "rotation": 90, "texture": "#0"},
				"east": {"uv": [0, 5.75, 3.5, 6], "rotation": 90, "texture": "#0"},
				"south": {"uv": [0, 5, 3.5, 5.5], "rotation": 90, "texture": "#0"},
				"west": {"uv": [0, 6, 3.5, 6.25], "rotation": 90, "texture": "#0"},
				"up": {"uv": [0.5, 4.25, 0, 4], "texture": "#0"},
				"down": {"uv": [0.5, 4.5, 0, 4.75], "texture": "#0"}
			}
		}
	],
	"display": {
		"thirdperson_righthand": {
			"rotation": [75, 45, 0],
			"translation": [0, 2.5, 0],
			"scale": [0.375, 0.375, 0.375]
		},
		"thirdperson_lefthand": {
			"rotation": [75, 45, 0],
			"translation": [0, 2.5, 0],
			"scale": [0.375, 0.375, 0.375]
		},
		"firstperson_righthand": {
			"rotation": [0, 45, 0],
			"scale": [0.4, 0.4, 0.4]
		},
		"firstperson_lefthand": {
			"rotation": [0, 45, 0],
			"scale": [0.4, 0.4, 0.4]
		},
		"ground": {
			"translation": [0, 3, 0],
			"scale": [0.25, 0.25, 0.25]
		},
		"gui": {
			"rotation": [30, 135, 0],
			"translation": [0, -0.25, 0],
			"scale": [0.44, 0.44, 0.44]
		},
		"fixed": {
			"translation": [16, 0, -16],
			"scale": [2, 2, 2]
		}
	}
}