{
	"texture_size": [128, 128],
	"textures": {
		"0": "item/furniture/shelves/oak_shelf",
		"particle": "item/furniture/shelves/oak_shelf"
	},
	"elements": [
		{
			"from": [-5, 0, 1],
			"to": [-3, 2, 3],
			"rotation": {"angle": 0, "axis": "y", "origin": [-4, 0, 2]},
			"faces": {
				"north": {"uv": [4.75, 8, 5, 8.25], "texture": "#0"},
				"east": {"uv": [5, 8, 5.25, 8.25], "texture": "#0"},
				"south": {"uv": [4.75, 8.25, 5, 8.5], "texture": "#0"},
				"west": {"uv": [5, 8.25, 5.25, 8.5], "texture": "#0"},
				"up": {"uv": [8.75, 3.5, 8.5, 3.25], "texture": "#0"},
				"down": {"uv": [8.75, 3.5, 8.5, 3.75], "texture": "#0"}
			}
		},
		{
			"from": [19, 0, 1],
			"to": [21, 2, 3],
			"rotation": {"angle": 0, "axis": "y", "origin": [20, 0, 2]},
			"faces": {
				"north": {"uv": [5, 8, 4.75, 8.25], "texture": "#0"},
				"east": {"uv": [5.25, 8.25, 5, 8.5], "texture": "#0"},
				"south": {"uv": [5, 8.25, 4.75, 8.5], "texture": "#0"},
				"west": {"uv": [5.25, 8, 5, 8.25], "texture": "#0"},
				"up": {"uv": [8.5, 3.5, 8.75, 3.25], "texture": "#0"},
				"down": {"uv": [8.5, 3.5, 8.75, 3.75], "texture": "#0"}
			}
		},
		{
			"from": [19, 0, 13],
			"to": [21, 2, 15],
			"rotation": {"angle": 0, "axis": "y", "origin": [20, 0, 14]},
			"faces": {
				"north": {"uv": [4.75, 8.25, 5, 8.5], "texture": "#0"},
				"east": {"uv": [5, 8.25, 5.25, 8.5], "texture": "#0"},
				"south": {"uv": [4.75, 8, 5, 8.25], "texture": "#0"},
				"west": {"uv": [5, 8, 5.25, 8.25], "texture": "#0"},
				"up": {"uv": [8.5, 3.25, 8.75, 3.5], "texture": "#0"},
				"down": {"uv": [8.5, 3.75, 8.75, 3.5], "texture": "#0"}
			}
		},
		{
			"from": [-5, 0, 13],
			"to": [-3, 2, 15],
			"rotation": {"angle": 0, "axis": "y", "origin": [-4, 0, 14]},
			"faces": {
				"north": {"uv": [5, 8.25, 4.75, 8.5], "texture": "#0"},
				"east": {"uv": [5.25, 8, 5, 8.25], "texture": "#0"},
				"south": {"uv": [5, 8, 4.75, 8.25], "texture": "#0"},
				"west": {"uv": [5.25, 8.25, 5, 8.5], "texture": "#0"},
				"up": {"uv": [8.75, 3.25, 8.5, 3.5], "texture": "#0"},
				"down": {"uv": [8.75, 3.75, 8.5, 3.5], "texture": "#0"}
			}
		},
		{
			"from": [-5, 2, 0],
			"to": [21, 4, 16],
			"rotation": {"angle": 0, "axis": "y", "origin": [-2, 2, 2]},
			"faces": {
				"north": {"uv": [8, 6.25, 11.25, 6.5], "texture": "#0"},
				"east": {"uv": [8, 7.75, 10, 8], "texture": "#0"},
				"south": {"uv": [8, 6.5, 11.25, 6.75], "texture": "#0"},
				"west": {"uv": [8, 8, 10, 8.25], "texture": "#0"},
				"up": {"uv": [8.5, 6, 5.25, 4], "texture": "#0"},
				"down": {"uv": [9, 0, 5.75, 2], "texture": "#0"}
			}
		},
		{
			"from": [-8, 30, 0],
			"to": [24, 32, 16],
			"rotation": {"angle": 0, "axis": "y", "origin": [-2, 36, 2]},
			"faces": {
				"north": {"uv": [5.75, 3.75, 9.75, 4], "texture": "#0"},
				"east": {"uv": [8, 8.25, 10, 8.5], "texture": "#0"},
				"south": {"uv": [8, 6, 12, 6.25], "texture": "#0"},
				"west": {"uv": [8.5, 2, 10.5, 2.25], "texture": "#0"},
				"up": {"uv": [4, 2, 0, 0], "texture": "#0"},
				"down": {"uv": [4, 2, 0, 4], "texture": "#0"}
			}
		},
		{
			"from": [-5, 4, 1],
			"to": [-3, 31, 15],
			"rotation": {"angle": 0, "axis": "y", "origin": [18, 3, 2]},
			"faces": {
				"north": {"uv": [3.25, 8, 3.5, 11.375], "texture": "#0"},
				"east": {"uv": [5.25, 4, 3.5, 7.375], "texture": "#0"},
				"south": {"uv": [3.5, 8, 3.25, 11.375], "texture": "#0"},
				"west": {"uv": [3.5, 4, 5.25, 7.375], "texture": "#0"},
				"up": {"uv": [4.5, 9.75, 4.25, 8], "texture": "#0"},
				"down": {"uv": [4.75, 8, 4.5, 9.75], "texture": "#0"}
			}
		},
		{
			"from": [19, 4, 1],
			"to": [21, 31, 15],
			"rotation": {"angle": 0, "axis": "y", "origin": [-2, 3, 2]},
			"faces": {
				"north": {"uv": [3.25, 8, 3.5, 11.375], "texture": "#0"},
				"east": {"uv": [5.25, 4, 3.5, 7.375], "texture": "#0"},
				"south": {"uv": [3.25, 8, 3.5, 11.375], "texture": "#0"},
				"west": {"uv": [5.25, 4, 3.5, 7.375], "texture": "#0"},
				"up": {"uv": [4.25, 9.75, 4.5, 8], "texture": "#0"},
				"down": {"uv": [4.5, 8, 4.75, 9.75], "texture": "#0"}
			}
		},
		{
			"from": [-3, 21, 1],
			"to": [19, 23, 15],
			"rotation": {"angle": 0, "axis": "y", "origin": [20, 19, 2]},
			"faces": {
				"north": {"uv": [8, 7.25, 10.75, 7.5], "texture": "#0"},
				"east": {"uv": [8.5, 2.75, 10.25, 3], "texture": "#0"},
				"south": {"uv": [8, 7.5, 10.75, 7.75], "texture": "#0"},
				"west": {"uv": [8.5, 3, 10.25, 3.25], "texture": "#0"},
				"up": {"uv": [8, 9.5, 5.25, 7.75], "texture": "#0"},
				"down": {"uv": [2.75, 8, 0, 9.75], "texture": "#0"}
			}
		},
		{
			"from": [-3, 11, 1],
			"to": [19, 13, 15],
			"rotation": {"angle": 0, "axis": "y", "origin": [20, 9, 2]},
			"faces": {
				"north": {"uv": [8, 7.25, 10.75, 7.5], "texture": "#0"},
				"east": {"uv": [8.5, 2.75, 10.25, 3], "texture": "#0"},
				"south": {"uv": [8, 7.5, 10.75, 7.75], "texture": "#0"},
				"west": {"uv": [8.5, 3, 10.25, 3.25], "texture": "#0"},
				"up": {"uv": [8, 9.5, 5.25, 7.75], "texture": "#0"},
				"down": {"uv": [2.75, 8, 0, 9.75], "texture": "#0"}
			}
		}
	],
	"display": {
		"thirdperson_righthand": {
			"rotation": [75, 45, 0],
			"translation": [0, 2.5, 0],
			"scale": [0.18, 0.18, 0.18]
		},
		"thirdperson_lefthand": {
			"rotation": [75, 45, 0],
			"translation": [0, 2.5, 0],
			"scale": [0.18, 0.18, 0.18]
		},
		"firstperson_righthand": {
			"rotation": [0, -62, 0],
			"scale": [0.3, 0.3, 0.3]
		},
		"firstperson_lefthand": {
			"rotation": [0, -62, 0],
			"scale": [0.3, 0.3, 0.3]
		},
		"ground": {
			"translation": [0, 3, 0],
			"scale": [0.25, 0.25, 0.25]
		},
		"gui": {
			"rotation": [30, 135, 0],
			"translation": [0, -2.5, 0],
			"scale": [0.34, 0.34, 0.34]
		},
		"fixed": {
			"rotation": [-90, 0, 0],
			"translation": [16, 0, -16],
			"scale": [2, 2, 2]
		}
	},
	"groups": [
		{
			"name": "bone",
			"origin": [8, 0, 8],
			"color": 0,
			"nbt": "{}",
			"children": [0, 1, 2, 3, 4, 5, 6, 7, 8, 9]
		}
	]
}