{
	"credit": "Made with Blockbench",
	"textures": {
		"particle": "#planks",
		"planks": "block/oak_planks",
		"logs": "block/oak_log"
	},
	"elements": [
		{
			"from": [0, 0, 7],
			"to": [16, 2, 16],
			"faces": {
				"north": {"uv": [0, 9, 16, 11], "texture": "#planks"},
				"east": {"uv": [12, 5, 10, 14], "rotation": 90, "texture": "#planks"},
				"south": {"uv": [0, 0, 16, 2], "texture": "#planks"},
				"west": {"uv": [4, 5, 2, 14], "rotation": 90, "texture": "#planks"},
				"up": {"uv": [0, 10, 16, 1], "texture": "#planks"},
				"down": {"uv": [0, 10, 16, 1], "texture": "#planks"}
			}
		},
		{
			"from": [0, 8, 7],
			"to": [16, 10, 16],
			"faces": {
				"north": {"uv": [0, 9, 16, 11], "texture": "#planks"},
				"east": {"uv": [12, 5, 10, 14], "rotation": 90, "texture": "#planks"},
				"south": {"uv": [0, 0, 16, 2], "texture": "#planks"},
				"west": {"uv": [4, 5, 2, 14], "rotation": 90, "texture": "#planks"},
				"up": {"uv": [0, 10, 16, 1], "texture": "#planks"},
				"down": {"uv": [0, 10, 16, 1], "texture": "#planks"}
			}
		},
		{
			"from": [12, -2, 9],
			"to": [14, 0, 16],
			"faces": {
				"north": {"uv": [14, 7, 16, 9], "rotation": 90, "texture": "#logs"},
				"east": {"uv": [8, 0, 10, 7], "rotation": 90, "texture": "#logs"},
				"south": {"uv": [14, 7, 16, 9], "rotation": 90, "texture": "#logs"},
				"west": {"uv": [12, 0, 14, 7], "rotation": 90, "texture": "#logs"},
				"up": {"uv": [14, 0, 16, 7], "texture": "#logs"},
				"down": {"uv": [10, 0, 12, 7], "texture": "#logs"}
			}
		},
		{
			"from": [12, 6, 9],
			"to": [14, 8, 16],
			"faces": {
				"north": {"uv": [14, 7, 16, 9], "rotation": 90, "texture": "#logs"},
				"east": {"uv": [8, 0, 10, 7], "rotation": 90, "texture": "#logs"},
				"south": {"uv": [14, 7, 16, 9], "rotation": 90, "texture": "#logs"},
				"west": {"uv": [12, 0, 14, 7], "rotation": 90, "texture": "#logs"},
				"up": {"uv": [14, 0, 16, 7], "texture": "#logs"},
				"down": {"uv": [10, 0, 12, 7], "texture": "#logs"}
			}
		},
		{
			"from": [2, -2, 9],
			"to": [4, 0, 16],
			"faces": {
				"north": {"uv": [14, 7, 16, 9], "rotation": 90, "texture": "#logs"},
				"east": {"uv": [8, 0, 10, 7], "rotation": 90, "texture": "#logs"},
				"south": {"uv": [14, 7, 16, 9], "rotation": 90, "texture": "#logs"},
				"west": {"uv": [12, 0, 14, 7], "rotation": 90, "texture": "#logs"},
				"up": {"uv": [14, 0, 16, 7], "texture": "#logs"},
				"down": {"uv": [10, 0, 12, 7], "texture": "#logs"}
			}
		},
		{
			"from": [2, 6, 9],
			"to": [4, 8, 16],
			"faces": {
				"north": {"uv": [14, 7, 16, 9], "rotation": 90, "texture": "#logs"},
				"east": {"uv": [8, 0, 10, 7], "rotation": 90, "texture": "#logs"},
				"south": {"uv": [14, 7, 16, 9], "rotation": 90, "texture": "#logs"},
				"west": {"uv": [12, 0, 14, 7], "rotation": 90, "texture": "#logs"},
				"up": {"uv": [14, 0, 16, 7], "texture": "#logs"},
				"down": {"uv": [10, 0, 12, 7], "texture": "#logs"}
			}
		}
	],
	"display": {
		"thirdperson_righthand": {
			"rotation": [75, 45, 0],
			"translation": [0, 2.5, 0],
			"scale": [0.375, 0.375, 0.375]
		},
		"thirdperson_lefthand": {
			"rotation": [75, 45, 0],
			"translation": [0, 2.5, 0],
			"scale": [0.375, 0.375, 0.375]
		},
		"firstperson_righthand": {
			"rotation": [0, 45, 0],
			"translation": [0, 2.5, 0],
			"scale": [0.4, 0.4, 0.4]
		},
		"firstperson_lefthand": {
			"rotation": [0, 225, 0],
			"translation": [0, 2.5, 0],
			"scale": [0.4, 0.4, 0.4]
		},
		"ground": {
			"translation": [0, 3, 0],
			"scale": [0.25, 0.25, 0.25]
		},
		"gui": {
			"rotation": [30, 225, 0],
			"translation": [1.5, 0.25, 0],
			"scale": [0.625, 0.625, 0.625]
		},
		"head": {
			"translation": [0, 9.25, -14.5]
		},
		"fixed": {
			"scale": [0.5, 0.5, 0.5]
		}
	}
}