{
	"texture_size": [32, 16],
	"textures": {
		"particle": "#planks",
		"planks": "polydecorations:block/sign_post"
	},
	"elements": [
		{
			"from": [0, 6, 7.5],
			"to": [17, 11, 8.5],
			"faces": {
				"north": {"uv": [0.5, 1, 9, 6], "texture": "#planks"},
				"east": {"uv": [0, 1, 0.5, 6], "texture": "#planks"},
				"south": {"uv": [9, 1, 0.5, 6], "texture": "#planks"},
				"west": {"uv": [9, 1, 9.5, 6], "texture": "#planks"},
				"up": {"uv": [9, 0, 0.5, 1], "texture": "#planks"},
				"down": {"uv": [9, 6, 0.5, 7], "texture": "#planks"}
			}
		},
		{
			"from": [-1, 7, 7.5],
			"to": [0, 10, 8.5],
			"faces": {
				"north": {"uv": [9, 2, 9.5, 5], "texture": "#planks"},
				"east": {"uv": [8.5, 2, 9, 5], "texture": "#planks"},
				"south": {"uv": [9, 2, 9.5, 5], "texture": "#planks"},
				"west": {"uv": [9.5, 2, 10, 5], "texture": "#planks"},
				"up": {"uv": [9, 1, 9.5, 2], "texture": "#planks"},
				"down": {"uv": [9, 5, 9.5, 6], "texture": "#planks"}
			}
		},
		{
			"from": [-2, 8, 7.5],
			"to": [-1, 9, 8.5],
			"faces": {
				"north": {"uv": [9.5, 3, 10, 4], "texture": "#planks"},
				"east": {"uv": [9.5, 3, 10, 4], "texture": "#planks"},
				"south": {"uv": [9.5, 3, 10, 4], "texture": "#planks"},
				"west": {"uv": [9.5, 3, 10, 4], "texture": "#planks"},
				"up": {"uv": [9.5, 3, 10, 4], "texture": "#planks"},
				"down": {"uv": [9.5, 3, 10, 4], "texture": "#planks"}
			}
		}
	],
	"gui_light": "front",
	"display": {
		"thirdperson_righthand": {
			"rotation": [75, 45, 0],
			"translation": [0, 2.5, 0],
			"scale": [0.375, 0.375, 0.375]
		},
		"thirdperson_lefthand": {
			"rotation": [75, 45, 0],
			"translation": [0, 2.5, 0],
			"scale": [0.375, 0.375, 0.375]
		},
		"firstperson_righthand": {
			"rotation": [0, -45, 0],
			"translation": [0, 2.5, 0],
			"scale": [0.4, 0.4, 0.4]
		},
		"firstperson_lefthand": {
			"rotation": [0, 115, 0],
			"translation": [0, 2.5, 0],
			"scale": [0.4, 0.4, 0.4]
		},
		"ground": {
			"translation": [0, 3, 0],
			"scale": [0.25, 0.25, 0.25]
		},
		"gui": {
			"rotation": [0, 180, 0],
			"translation": [-0.25, 0, 0],
			"scale": [0.8, 0.8, 0.8]
		},
		"head": {
			"rotation": [0, 180, 0],
			"translation": [0, -4.5, -7]
		},
		"fixed": {
			"scale": [0.5, 0.5, 0.5]
		}
	}
}