{
	"credit": "Made with Blockbench",
	"textures": {
		"0": "polydecorations:block/rope",
		"particle": "polydecorations:block/rope"
	},
	"elements": [
		{
			"name": "south",
			"from": [6, 6, 8],
			"to": [10, 10, 16],
			"faces": {
				"north": {"uv": [0, 4, 4, 8], "rotation": 270, "texture": "#0", "tintindex": 0},
				"east": {"uv": [0, 0, 8, 4], "texture": "#0", "tintindex": 0},
				"south": {"uv": [0, 4, 4, 8], "rotation": 270, "texture": "#0", "tintindex": 0},
				"west": {"uv": [8, 0, 16, 4], "texture": "#0", "tintindex": 0},
				"up": {"uv": [8, 0, 16, 4], "rotation": 270, "texture": "#0", "tintindex": 0},
				"down": {"uv": [0, 0, 8, 4], "rotation": 90, "texture": "#0", "tintindex": 0}
			}
		},
		{
			"name": "north",
			"from": [6, 6, 0],
			"to": [10, 10, 8],
			"faces": {
				"north": {"uv": [0, 4, 4, 8], "rotation": 270, "texture": "#0", "tintindex": 0},
				"east": {"uv": [8, 0, 16, 4], "texture": "#0", "tintindex": 0},
				"south": {"uv": [0, 4, 4, 8], "rotation": 270, "texture": "#0", "tintindex": 0},
				"west": {"uv": [0, 0, 8, 4], "texture": "#0", "tintindex": 0},
				"up": {"uv": [0, 0, 8, 4], "rotation": 90, "texture": "#0", "tintindex": 0},
				"down": {"uv": [8, 0, 16, 4], "rotation": 90, "texture": "#0", "tintindex": 0}
			}
		},
		{
			"name": "west",
			"from": [0, 6, 6],
			"to": [8, 10, 10],
			"rotation": {"angle": 0, "axis": "y", "origin": [16, 0, 0]},
			"faces": {
				"north": {"uv": [8, 0, 16, 4], "texture": "#0", "tintindex": 0},
				"east": {"uv": [0, 4, 4, 8], "rotation": 270, "texture": "#0", "tintindex": 0},
				"south": {"uv": [0, 0, 8, 4], "texture": "#0", "tintindex": 0},
				"west": {"uv": [0, 4, 4, 8], "rotation": 270, "texture": "#0", "tintindex": 0},
				"up": {"uv": [8, 0, 16, 4], "texture": "#0", "tintindex": 0},
				"down": {"uv": [0, 0, 8, 4], "texture": "#0", "tintindex": 0}
			}
		},
		{
			"name": "east",
			"from": [8, 6, 6],
			"to": [16, 10, 10],
			"rotation": {"angle": 0, "axis": "y", "origin": [16, 0, 0]},
			"faces": {
				"north": {"uv": [0, 0, 8, 4], "texture": "#0", "tintindex": 0},
				"east": {"uv": [0, 4, 4, 8], "rotation": 270, "texture": "#0", "tintindex": 0},
				"south": {"uv": [8, 0, 16, 4], "texture": "#0", "tintindex": 0},
				"west": {"uv": [0, 4, 4, 8], "rotation": 270, "texture": "#0", "tintindex": 0},
				"up": {"uv": [0, 0, 8, 4], "rotation": 180, "texture": "#0", "tintindex": 0},
				"down": {"uv": [8, 0, 16, 4], "texture": "#0", "tintindex": 0}
			}
		},
		{
			"name": "center_linear",
			"from": [5, 5, 5],
			"to": [11, 11, 11],
			"faces": {
				"north": {"uv": [10, 4, 16, 10], "texture": "#0", "tintindex": 0},
				"east": {"uv": [10, 4, 16, 10], "texture": "#0", "tintindex": 0},
				"south": {"uv": [10, 4, 16, 10], "texture": "#0", "tintindex": 0},
				"west": {"uv": [10, 4, 16, 10], "texture": "#0", "tintindex": 0},
				"up": {"uv": [10, 4, 16, 10], "texture": "#0", "tintindex": 0},
				"down": {"uv": [10, 4, 16, 10], "texture": "#0", "tintindex": 0}
			}
		},
		{
			"name": "down",
			"from": [6, 0, 6],
			"to": [10, 8, 10],
			"rotation": {"angle": 0, "axis": "y", "origin": [0, 16, 0]},
			"faces": {
				"north": {"uv": [0, 0, 8, 4], "rotation": 270, "texture": "#0", "tintindex": 0},
				"east": {"uv": [0, 0, 8, 4], "rotation": 270, "texture": "#0", "tintindex": 0},
				"south": {"uv": [8, 0, 16, 4], "rotation": 270, "texture": "#0", "tintindex": 0},
				"west": {"uv": [8, 0, 16, 4], "rotation": 90, "texture": "#0", "tintindex": 0},
				"up": {"uv": [0, 4, 4, 8], "rotation": 90, "texture": "#0", "tintindex": 0},
				"down": {"uv": [0, 4, 4, 8], "rotation": 270, "texture": "#0", "tintindex": 0}
			}
		},
		{
			"name": "up",
			"from": [6, 8, 6],
			"to": [10, 16, 10],
			"rotation": {"angle": 0, "axis": "y", "origin": [0, 16, 0]},
			"faces": {
				"north": {"uv": [8, 0, 16, 4], "rotation": 270, "texture": "#0", "tintindex": 0},
				"east": {"uv": [8, 0, 16, 4], "rotation": 270, "texture": "#0", "tintindex": 0},
				"south": {"uv": [0, 0, 8, 4], "rotation": 90, "texture": "#0", "tintindex": 0},
				"west": {"uv": [0, 0, 8, 4], "rotation": 90, "texture": "#0", "tintindex": 0},
				"up": {"uv": [0, 4, 4, 8], "rotation": 90, "texture": "#0", "tintindex": 0},
				"down": {"uv": [0, 4, 4, 8], "rotation": 270, "texture": "#0", "tintindex": 0}
			}
		}
	],
	"display": {},
	"groups": [
		{
			"name": "group",
			"origin": [0, 0, 0],
			"color": 0,
			"children": [0, 1]
		},
		{
			"name": "group",
			"origin": [0, 0, 0],
			"color": 0,
			"children": [2, 3]
		},
		4,
		{
			"name": "group",
			"origin": [0, 0, 0],
			"color": 0,
			"children": [5, 6]
		}
	]
}