{"credit":"Made with Blockbench","textures":{"0":"polydecorations:block/rope","particle":"polydecorations:block/rope"},"elements":[{"name":"rp_up","from":[7,9,7],"to":[9,16,9],"rotation":{"angle":0,"axis":"y","origin":[8,8,8]},"faces":{"north":{"uv":[0,0,2,7],"texture":"#0","tintindex":0},"east":{"uv":[0,0,2,7],"texture":"#0","tintindex":0},"south":{"uv":[2,0,0,7],"texture":"#0","tintindex":0},"west":{"uv":[0,0,2,7],"texture":"#0","tintindex":0},"up":{"uv":[3,14,5,16],"texture":"#0"}}},{"name":"rp_south","from":[7,7,9],"to":[9,9,16],"rotation":{"angle":0,"axis":"y","origin":[8,8,8]},"faces":{"east":{"uv":[0,0,2,7],"rotation":90,"texture":"#0","tintindex":0},"south":{"uv":[3,14,5,16],"texture":"#0"},"west":{"uv":[0,0,2,7],"rotation":270,"texture":"#0","tintindex":0},"up":{"uv":[2,0,0,7],"texture":"#0","tintindex":0},"down":{"uv":[0,0,2,7],"rotation":180,"texture":"#0","tintindex":0}}},{"name":"rp_north","from":[7,7,0],"to":[9,9,7],"rotation":{"angle":0,"axis":"y","origin":[8,8,8]},"faces":{"north":{"uv":[3,14,5,16],"texture":"#0"},"east":{"uv":[0,9,2,16],"rotation":90,"texture":"#0","tintindex":0},"west":{"uv":[0,9,2,16],"rotation":270,"texture":"#0","tintindex":0},"up":{"uv":[2,9,0,16],"texture":"#0","tintindex":0},"down":{"uv":[0,9,2,16],"rotation":180,"texture":"#0","tintindex":0}}},{"name":"center_no_knot","from":[7,7,7],"to":[9,9,9],"rotation":{"angle":0,"axis":"y","origin":[8,8,8]},"faces":{"north":{"uv":[0,7,2,9],"texture":"#0"},"east":{"uv":[0,7,2,9],"texture":"#0"},"south":{"uv":[2,7,0,9],"texture":"#0"},"west":{"uv":[0,7,2,9],"texture":"#0"},"up":{"uv":[0,7,2,9],"texture":"#0"},"down":{"uv":[2,7,0,9],"texture":"#0"}}},{"name":"center_knot","from":[6,6,6],"to":[10,10,10],"rotation":{"angle":0,"axis":"y","origin":[8,8,8]},"faces":{"north":{"uv":[2,0,6,4],"texture":"#0"},"east":{"uv":[2,0,6,4],"texture":"#0"},"south":{"uv":[2,0,6,4],"texture":"#0"},"west":{"uv":[2,0,6,4],"texture":"#0"},"up":{"uv":[2,0,6,4],"texture":"#0"},"down":{"uv":[2,0,6,4],"texture":"#0"}}}],"groups":[0,1,2,3,4,5,6,7,{"name":"tuft_down","origin":[8,8,8],"color":0,"children":[8,9]},{"name":"tuft_up","origin":[8,8,8],"color":0,"children":[10,11]},{"name":"tuft_east","origin":[8,8,8],"color":0,"children":[12,13]},{"name":"tuft_west","origin":[8,8,8],"color":0,"children":[14,15]},{"name":"tuft_north","origin":[8,8,8],"color":0,"children":[16,17]},{"name":"tuft_south","origin":[8,8,8],"color":0,"children":[18,19]}]}