{
	"texture_size": [64, 64],
	"textures": {
		"0": "item/furniture/benches/birch_bench",
		"particle": "item/furniture/benches/birch_bench"
	},
	"elements": [
		{
			"from": [-7, 0, 2],
			"to": [-5, 13, 4],
			"faces": {
				"north": {"uv": [0, 3.5, 0.5, 6.75], "texture": "#0"},
				"east": {"uv": [0.5, 3.5, 1, 6.75], "texture": "#0"},
				"south": {"uv": [2, 3.5, 1.5, 6.75], "texture": "#0"},
				"west": {"uv": [1, 3.5, 1.5, 6.75], "texture": "#0"},
				"down": {"uv": [0, 0, 0.5, 0.5], "texture": "#0"}
			}
		},
		{
			"from": [21, 13, 1],
			"to": [23, 15, 15],
			"faces": {
				"north": {"uv": [3, 4.5, 3.5, 5], "texture": "#0"},
				"east": {"uv": [3, 3.5, 6.25, 4], "texture": "#0"},
				"south": {"uv": [4, 4.5, 3.5, 5], "texture": "#0"},
				"west": {"uv": [3, 4, 6.25, 4.5], "texture": "#0"},
				"up": {"uv": [2.5, 6.75, 2, 3.5], "texture": "#0"},
				"down": {"uv": [3, 3.5, 2.5, 6.75], "texture": "#0"}
			}
		},
		{
			"from": [-7, 13, 1],
			"to": [-5, 15, 15],
			"faces": {
				"north": {"uv": [3, 4.5, 3.5, 5], "texture": "#0"},
				"east": {"uv": [6.25, 3.5, 3, 4], "texture": "#0"},
				"south": {"uv": [3.5, 4.5, 4, 5], "texture": "#0"},
				"west": {"uv": [3, 4, 6.25, 4.5], "texture": "#0"},
				"up": {"uv": [2, 6.75, 2.5, 3.5], "texture": "#0"},
				"down": {"uv": [3, 3.5, 2.5, 6.75], "texture": "#0"}
			}
		},
		{
			"from": [21, 0, 2],
			"to": [23, 13, 4],
			"faces": {
				"north": {"uv": [0, 3.5, 0.5, 6.75], "texture": "#0"},
				"east": {"uv": [0.5, 3.5, 1, 6.75], "texture": "#0"},
				"south": {"uv": [2, 3.5, 1.5, 6.75], "texture": "#0"},
				"west": {"uv": [1, 3.5, 1.5, 6.75], "texture": "#0"},
				"down": {"uv": [0, 0, 0.5, 0.5], "texture": "#0"}
			}
		},
		{
			"from": [-6, 8, 1],
			"to": [22, 10, 15],
			"faces": {
				"north": {"uv": [7, 0, 14, 0.5], "texture": "#0"},
				"east": {"uv": [7, 0.5, 7.5, 4], "rotation": 90, "texture": "#0"},
				"south": {"uv": [0, 7, 7, 7.5], "texture": "#0"},
				"west": {"uv": [7, 4, 7.5, 0.5], "rotation": 90, "texture": "#0"},
				"up": {"uv": [7, 3.5, 0, 0], "texture": "#0"},
				"down": {"uv": [7, 0, 0, 3.5], "texture": "#0"}
			}
		},
		{
			"from": [-6, 12, 13],
			"to": [22, 26, 15],
			"faces": {
				"north": {"uv": [0, 0, 7, 3.5], "texture": "#0"},
				"east": {"uv": [7.5, 0.5, 7, 4], "texture": "#0"},
				"south": {"uv": [0, 0, 7, 3.5], "texture": "#0"},
				"west": {"uv": [7, 0.5, 7.5, 4], "texture": "#0"},
				"up": {"uv": [0, 0, 7, 0.5], "texture": "#0"},
				"down": {"uv": [7, 0, 0, 0.5], "texture": "#0"}
			}
		},
		{
			"from": [-6, 0, 13],
			"to": [-4, 12, 15],
			"faces": {
				"north": {"uv": [0, 3.5, 0.5, 6.5], "texture": "#0"},
				"east": {"uv": [0.5, 3.5, 1, 6.5], "texture": "#0"},
				"south": {"uv": [2, 3.5, 1.5, 6.5], "texture": "#0"},
				"west": {"uv": [1, 3.5, 1.5, 6.5], "texture": "#0"},
				"down": {"uv": [0, 0, 0.5, 0.5], "texture": "#0"}
			}
		},
		{
			"from": [20, 0, 13],
			"to": [22, 12, 15],
			"faces": {
				"north": {"uv": [0, 3.5, 0.5, 6.5], "texture": "#0"},
				"east": {"uv": [1.5, 3.5, 2, 6.5], "texture": "#0"},
				"south": {"uv": [1, 3.5, 0.5, 6.5], "texture": "#0"},
				"west": {"uv": [1, 3.5, 1.5, 6.5], "texture": "#0"},
				"down": {"uv": [0, 0, 0.5, 0.5], "texture": "#0"}
			}
		}
	],
	"display": {
		"thirdperson_righthand": {
			"rotation": [75, 45, 0],
			"translation": [0.5, 2.5, -5.25],
			"scale": [0.31, 0.31, 0.31]
		},
		"thirdperson_lefthand": {
			"rotation": [75, 45, 0],
			"translation": [0.5, 2.5, -5.25],
			"scale": [0.31, 0.31, 0.31]
		},
		"firstperson_righthand": {
			"rotation": [0, 45, 0],
			"translation": [0, -0.5, 0],
			"scale": [0.34, 0.34, 0.34]
		},
		"firstperson_lefthand": {
			"rotation": [0, 45, 0],
			"translation": [0, -0.5, 0],
			"scale": [0.34, 0.34, 0.34]
		},
		"ground": {
			"translation": [0, 3, 0],
			"scale": [0.25, 0.25, 0.25]
		},
		"gui": {
			"rotation": [30, 135, 0],
			"translation": [0, -2, 0],
			"scale": [0.38, 0.38, 0.38]
		},
		"head": {
			"translation": [0, 3.75, 0]
		},
		"fixed": {
			"rotation": [-90, 0, 0],
			"translation": [16, 0, -16],
			"scale": [2, 2, 2]
		}
	}
}