{"parent":"minecraft:block/black_terracotta","overrides":[{"model":"polydecorations:block/cherry_bench_right","predicate":{"custom_model_data":2}},{"model":"polydecorations:block/warped_bench_norest_right","predicate":{"custom_model_data":3}},{"model":"polydecorations:block/spruce_table","predicate":{"custom_model_data":4}},{"model":"polydecorations:block/acacia_table","predicate":{"custom_model_data":5}},{"model":"polydecorations:block/jungle_table","predicate":{"custom_model_data":6}},{"model":"polydecorations:block/crimson_table","predicate":{"custom_model_data":7}},{"model":"polydecorations:block/mangrove_table","predicate":{"custom_model_data":8}},{"model":"polydecorations:block/rope/0","predicate":{"custom_model_data":9}},{"model":"polydecorations:block/rope/32","predicate":{"custom_model_data":10}},{"model":"polydecorations:block/statue/stone/head","predicate":{"custom_model_data":11}},{"model":"polydecorations:block/statue/red_sandstone/left_arm","predicate":{"custom_model_data":12}},{"model":"polydecorations:block/statue/tuff/left_leg","predicate":{"custom_model_data":13}},{"model":"polydecorations:block/statue/orange_terracotta/head","predicate":{"custom_model_data":14}},{"model":"polydecorations:block/statue/pink_terracotta/left_arm","predicate":{"custom_model_data":15}},{"model":"polydecorations:block/statue/blue_terracotta/left_leg","predicate":{"custom_model_data":16}},{"model":"polydecorations:block/statue/spruce/head","predicate":{"custom_model_data":17}},{"model":"polydecorations:block/statue/dark_oak/left_arm","predicate":{"custom_model_data":18}}]}