{"parent":"minecraft:block/black_wool","overrides":[{"model":"polydecorations:block/spruce_bench_norest_middle","predicate":{"custom_model_data":2}},{"model":"polydecorations:block/dark_oak_bench_norest","predicate":{"custom_model_data":3}},{"model":"polydecorations:block/oak_table","predicate":{"custom_model_data":4}},{"model":"polydecorations:block/birch_table","predicate":{"custom_model_data":5}},{"model":"polydecorations:block/cherry_table","predicate":{"custom_model_data":6}},{"model":"polydecorations:block/dark_oak_table","predicate":{"custom_model_data":7}},{"model":"polydecorations:block/warped_table","predicate":{"custom_model_data":8}},{"model":"polydecorations:block/bamboo_table","predicate":{"custom_model_data":9}},{"model":"polydecorations:block/rope/16","predicate":{"custom_model_data":10}},{"model":"polydecorations:block/rope/48","predicate":{"custom_model_data":11}},{"model":"polydecorations:block/statue/blackstone/left_leg","predicate":{"custom_model_data":12}},{"model":"polydecorations:block/statue/diorite/head","predicate":{"custom_model_data":13}},{"model":"polydecorations:block/statue/tuff_bricks/left_arm","predicate":{"custom_model_data":14}},{"model":"polydecorations:block/statue/light_blue_terracotta/left_leg","predicate":{"custom_model_data":15}},{"model":"polydecorations:block/statue/cyan_terracotta/head","predicate":{"custom_model_data":16}},{"model":"polydecorations:block/statue/red_terracotta/left_arm","predicate":{"custom_model_data":17}},{"model":"polydecorations:block/statue/acacia/left_leg","predicate":{"custom_model_data":18}},{"model":"polydecorations:block/statue/mangrove/head","predicate":{"custom_model_data":19}}]}