{"parent":"minecraft:block/blue_terracotta","overrides":[{"model":"polydecorations:block/acacia_bench_norest_left","predicate":{"custom_model_data":2}},{"model":"polydecorations:block/warped_bench_right","predicate":{"custom_model_data":3}},{"model":"polydecorations:block/oak_table_12","predicate":{"custom_model_data":4}},{"model":"polydecorations:block/birch_table_12","predicate":{"custom_model_data":5}},{"model":"polydecorations:block/cherry_table_12","predicate":{"custom_model_data":6}},{"model":"polydecorations:block/dark_oak_table_12","predicate":{"custom_model_data":7}},{"model":"polydecorations:block/warped_table_12","predicate":{"custom_model_data":8}},{"model":"polydecorations:block/bamboo_table_12","predicate":{"custom_model_data":9}},{"model":"polydecorations:block/rope/28","predicate":{"custom_model_data":10}},{"model":"polydecorations:block/rope/60","predicate":{"custom_model_data":11}},{"model":"polydecorations:block/statue/sandstone/left_leg","predicate":{"custom_model_data":12}},{"model":"polydecorations:block/statue/tuff/head","predicate":{"custom_model_data":13}},{"model":"polydecorations:block/statue/white_terracotta/left_arm","predicate":{"custom_model_data":14}},{"model":"polydecorations:block/statue/lime_terracotta/left_leg","predicate":{"custom_model_data":15}},{"model":"polydecorations:block/statue/blue_terracotta/head","predicate":{"custom_model_data":16}},{"model":"polydecorations:block/statue/oak/left_arm","predicate":{"custom_model_data":17}},{"model":"polydecorations:block/statue/jungle/left_leg","predicate":{"custom_model_data":18}}]}