{"parent":"minecraft:item/generated","textures":{"layer0":"minecraft:item/brick"},"overrides":[{"model":"polydecorations:block/spruce_shelf_double","predicate":{"custom_model_data":2}},{"model":"polydecorations:block/mangrove_shelf_top","predicate":{"custom_model_data":3}},{"model":"polydecorations:item/cherry_shelf","predicate":{"custom_model_data":4}},{"model":"polydecorations:item/mangrove_bench","predicate":{"custom_model_data":5}},{"model":"polydecorations:item/acacia_tool_rack","predicate":{"custom_model_data":6}},{"model":"polydecorations:item/crimson_mailbox","predicate":{"custom_model_data":7}},{"model":"polydecorations:item/warped_sign_post","predicate":{"custom_model_data":8}},{"model":"polydecorations:item/display_case","predicate":{"custom_model_data":9}},{"model":"polydecorations:item/packed_mud_statue","predicate":{"custom_model_data":10}},{"model":"polydecorations:item/blue_terracotta_statue","predicate":{"custom_model_data":11}}]}