{"parent":"minecraft:block/brown_wool","overrides":[{"model":"polydecorations:block/spruce_bench_norest","predicate":{"custom_model_data":2}},{"model":"polydecorations:block/dark_oak_bench_left","predicate":{"custom_model_data":3}},{"model":"polydecorations:block/bamboo_bench_norest_left","predicate":{"custom_model_data":4}},{"model":"polydecorations:block/spruce_table_13","predicate":{"custom_model_data":5}},{"model":"polydecorations:block/acacia_table_13","predicate":{"custom_model_data":6}},{"model":"polydecorations:block/jungle_table_13","predicate":{"custom_model_data":7}},{"model":"polydecorations:block/crimson_table_13","predicate":{"custom_model_data":8}},{"model":"polydecorations:block/mangrove_table_13","predicate":{"custom_model_data":9}},{"model":"polydecorations:block/rope/13","predicate":{"custom_model_data":10}},{"model":"polydecorations:block/rope/45","predicate":{"custom_model_data":11}},{"model":"polydecorations:block/statue/blackstone/body","predicate":{"custom_model_data":12}},{"model":"polydecorations:block/statue/andesite/right_arm","predicate":{"custom_model_data":13}},{"model":"polydecorations:block/statue/stone_bricks/right_leg","predicate":{"custom_model_data":14}},{"model":"polydecorations:block/statue/light_blue_terracotta/body","predicate":{"custom_model_data":15}},{"model":"polydecorations:block/statue/light_gray_terracotta/right_arm","predicate":{"custom_model_data":16}},{"model":"polydecorations:block/statue/green_terracotta/right_leg","predicate":{"custom_model_data":17}},{"model":"polydecorations:block/statue/acacia/body","predicate":{"custom_model_data":18}},{"model":"polydecorations:block/statue/warped/right_arm","predicate":{"custom_model_data":19}}]}