{"parent":"minecraft:block/brown_terracotta","overrides":[{"model":"polydecorations:block/acacia_bench_norest_right","predicate":{"custom_model_data":2}},{"model":"polydecorations:block/warped_bench_middle","predicate":{"custom_model_data":3}},{"model":"polydecorations:block/oak_table_13","predicate":{"custom_model_data":4}},{"model":"polydecorations:block/birch_table_13","predicate":{"custom_model_data":5}},{"model":"polydecorations:block/cherry_table_13","predicate":{"custom_model_data":6}},{"model":"polydecorations:block/dark_oak_table_13","predicate":{"custom_model_data":7}},{"model":"polydecorations:block/warped_table_13","predicate":{"custom_model_data":8}},{"model":"polydecorations:block/bamboo_table_13","predicate":{"custom_model_data":9}},{"model":"polydecorations:block/rope/29","predicate":{"custom_model_data":10}},{"model":"polydecorations:block/rope/61","predicate":{"custom_model_data":11}},{"model":"polydecorations:block/statue/sandstone/right_leg","predicate":{"custom_model_data":12}},{"model":"polydecorations:block/statue/tuff/body","predicate":{"custom_model_data":13}},{"model":"polydecorations:block/statue/white_terracotta/right_arm","predicate":{"custom_model_data":14}},{"model":"polydecorations:block/statue/lime_terracotta/right_leg","predicate":{"custom_model_data":15}},{"model":"polydecorations:block/statue/blue_terracotta/body","predicate":{"custom_model_data":16}},{"model":"polydecorations:block/statue/oak/right_arm","predicate":{"custom_model_data":17}},{"model":"polydecorations:block/statue/jungle/right_leg","predicate":{"custom_model_data":18}}]}