{"parent":"minecraft:item/generated","textures":{"layer0":"minecraft:item/clay_ball"},"overrides":[{"model":"polydecorations:block/acacia_shelf_top","predicate":{"custom_model_data":2}},{"model":"polydecorations:block/bamboo_shelf_double","predicate":{"custom_model_data":3}},{"model":"polydecorations:item/jungle_shelf","predicate":{"custom_model_data":4}},{"model":"polydecorations:item/warped_bench","predicate":{"custom_model_data":5}},{"model":"polydecorations:item/cherry_tool_rack","predicate":{"custom_model_data":6}},{"model":"polydecorations:item/mangrove_mailbox","predicate":{"custom_model_data":7}},{"model":"polydecorations:item/oak_statue","predicate":{"custom_model_data":8}},{"model":"polydecorations:item/canvas","predicate":{"custom_model_data":9}},{"model":"polydecorations:item/terracotta_statue","predicate":{"custom_model_data":10}},{"model":"polydecorations:item/red_terracotta_statue","predicate":{"custom_model_data":11}}]}