{"parent":"minecraft:block/cyan_wool","overrides":[{"model":"polydecorations:block/spruce_bench_left","predicate":{"custom_model_data":2}},{"model":"polydecorations:block/jungle_bench_norest_left","predicate":{"custom_model_data":3}},{"model":"polydecorations:block/bamboo_bench_right","predicate":{"custom_model_data":4}},{"model":"polydecorations:block/spruce_table_10","predicate":{"custom_model_data":5}},{"model":"polydecorations:block/acacia_table_10","predicate":{"custom_model_data":6}},{"model":"polydecorations:block/jungle_table_10","predicate":{"custom_model_data":7}},{"model":"polydecorations:block/crimson_table_10","predicate":{"custom_model_data":8}},{"model":"polydecorations:block/mangrove_table_10","predicate":{"custom_model_data":9}},{"model":"polydecorations:block/rope/10","predicate":{"custom_model_data":10}},{"model":"polydecorations:block/rope/42","predicate":{"custom_model_data":11}},{"model":"polydecorations:block/statue/deepslate/left_leg","predicate":{"custom_model_data":12}},{"model":"polydecorations:block/statue/andesite/head","predicate":{"custom_model_data":13}},{"model":"polydecorations:block/statue/stone_bricks/left_arm","predicate":{"custom_model_data":14}},{"model":"polydecorations:block/statue/magenta_terracotta/left_leg","predicate":{"custom_model_data":15}},{"model":"polydecorations:block/statue/light_gray_terracotta/head","predicate":{"custom_model_data":16}},{"model":"polydecorations:block/statue/green_terracotta/left_arm","predicate":{"custom_model_data":17}},{"model":"polydecorations:block/statue/birch/left_leg","predicate":{"custom_model_data":18}},{"model":"polydecorations:block/statue/warped/head","predicate":{"custom_model_data":19}}]}