{"parent":"item/generated","textures":{"layer0":"item/feather"},"display":{"head":{"rotation":[0,0,45],"translation":[-1,13,7],"scale":[1,1,1]}},"overrides":[{"model":"polydecorations:block/oak_shelf_double","predicate":{"custom_model_data":2}},{"model":"polydecorations:block/warped_shelf_top","predicate":{"custom_model_data":3}},{"model":"polydecorations:item/bamboo_shelf","predicate":{"custom_model_data":4}},{"model":"polydecorations:item/dark_oak_bench","predicate":{"custom_model_data":5}},{"model":"polydecorations:item/spruce_table","predicate":{"custom_model_data":6}},{"model":"polydecorations:item/birch_mailbox","predicate":{"custom_model_data":7}},{"model":"polydecorations:item/dark_oak_sign_post","predicate":{"custom_model_data":8}},{"model":"polydecorations:item/bamboo_statue","predicate":{"custom_model_data":9}},{"model":"polydecorations:item/granite_statue","predicate":{"custom_model_data":10}},{"model":"polydecorations:item/cyan_terracotta_statue","predicate":{"custom_model_data":11}}]}