{"parent":"minecraft:item/generated","textures":{"layer0":"minecraft:item/flint"},"overrides":[{"model":"polydecorations:block/birch_shelf_double","predicate":{"custom_model_data":2}},{"model":"polydecorations:block/bamboo_shelf_top","predicate":{"custom_model_data":3}},{"model":"polydecorations:item/dark_oak_shelf","predicate":{"custom_model_data":4}},{"model":"polydecorations:item/spruce_bench","predicate":{"custom_model_data":5}},{"model":"polydecorations:item/birch_tool_rack","predicate":{"custom_model_data":6}},{"model":"polydecorations:item/jungle_mailbox","predicate":{"custom_model_data":7}},{"model":"polydecorations:item/bamboo_sign_post","predicate":{"custom_model_data":8}},{"model":"polydecorations:item/large_flower_pot","predicate":{"custom_model_data":9}},{"model":"polydecorations:item/tuff_bricks_statue","predicate":{"custom_model_data":10}},{"model":"polydecorations:item/green_terracotta_statue","predicate":{"custom_model_data":11}}]}