{"parent":"minecraft:item/generated","textures":{"layer0":"minecraft:item/ghast_tear"},"overrides":[{"model":"polydecorations:block/crimson_shelf_top","predicate":{"custom_model_data":2}},{"model":"polydecorations:item/trashcan","predicate":{"custom_model_data":3}},{"model":"polydecorations:item/cherry_bench","predicate":{"custom_model_data":4}},{"model":"polydecorations:item/mangrove_table","predicate":{"custom_model_data":5}},{"model":"polydecorations:item/acacia_mailbox","predicate":{"custom_model_data":6}},{"model":"polydecorations:item/cherry_sign_post","predicate":{"custom_model_data":7}},{"model":"polydecorations:item/warped_statue","predicate":{"custom_model_data":8}},{"model":"polydecorations:item/andesite_statue","predicate":{"custom_model_data":9}},{"model":"polydecorations:item/gray_terracotta_statue","predicate":{"custom_model_data":10}},{"model":"polydecorations:block/tiny_potato","predicate":{"custom_model_data":11}}]}