{"parent":"minecraft:block/gray_terracotta","overrides":[{"model":"polydecorations:block/acacia_bench_left","predicate":{"custom_model_data":2}},{"model":"polydecorations:block/crimson_bench_norest_left","predicate":{"custom_model_data":3}},{"model":"polydecorations:block/oak_table_8","predicate":{"custom_model_data":4}},{"model":"polydecorations:block/birch_table_8","predicate":{"custom_model_data":5}},{"model":"polydecorations:block/cherry_table_8","predicate":{"custom_model_data":6}},{"model":"polydecorations:block/dark_oak_table_8","predicate":{"custom_model_data":7}},{"model":"polydecorations:block/warped_table_8","predicate":{"custom_model_data":8}},{"model":"polydecorations:block/bamboo_table_8","predicate":{"custom_model_data":9}},{"model":"polydecorations:block/rope/24","predicate":{"custom_model_data":10}},{"model":"polydecorations:block/rope/56","predicate":{"custom_model_data":11}},{"model":"polydecorations:block/statue/sandstone/head","predicate":{"custom_model_data":12}},{"model":"polydecorations:block/statue/granite/left_arm","predicate":{"custom_model_data":13}},{"model":"polydecorations:block/statue/terracotta/left_leg","predicate":{"custom_model_data":14}},{"model":"polydecorations:block/statue/lime_terracotta/head","predicate":{"custom_model_data":15}},{"model":"polydecorations:block/statue/purple_terracotta/left_arm","predicate":{"custom_model_data":16}},{"model":"polydecorations:block/statue/black_terracotta/left_leg","predicate":{"custom_model_data":17}},{"model":"polydecorations:block/statue/jungle/head","predicate":{"custom_model_data":18}},{"model":"polydecorations:block/statue/bamboo/left_arm","predicate":{"custom_model_data":19}}]}