{"parent":"minecraft:block/green_terracotta","overrides":[{"model":"polydecorations:block/acacia_bench_norest_middle","predicate":{"custom_model_data":2}},{"model":"polydecorations:block/warped_bench_norest","predicate":{"custom_model_data":3}},{"model":"polydecorations:block/oak_table_14","predicate":{"custom_model_data":4}},{"model":"polydecorations:block/birch_table_14","predicate":{"custom_model_data":5}},{"model":"polydecorations:block/cherry_table_14","predicate":{"custom_model_data":6}},{"model":"polydecorations:block/dark_oak_table_14","predicate":{"custom_model_data":7}},{"model":"polydecorations:block/warped_table_14","predicate":{"custom_model_data":8}},{"model":"polydecorations:block/bamboo_table_14","predicate":{"custom_model_data":9}},{"model":"polydecorations:block/rope/30","predicate":{"custom_model_data":10}},{"model":"polydecorations:block/rope/62","predicate":{"custom_model_data":11}},{"model":"polydecorations:block/statue/red_sandstone/head","predicate":{"custom_model_data":12}},{"model":"polydecorations:block/statue/tuff/left_arm","predicate":{"custom_model_data":13}},{"model":"polydecorations:block/statue/white_terracotta/left_leg","predicate":{"custom_model_data":14}},{"model":"polydecorations:block/statue/pink_terracotta/head","predicate":{"custom_model_data":15}},{"model":"polydecorations:block/statue/blue_terracotta/left_arm","predicate":{"custom_model_data":16}},{"model":"polydecorations:block/statue/oak/left_leg","predicate":{"custom_model_data":17}},{"model":"polydecorations:block/statue/dark_oak/head","predicate":{"custom_model_data":18}}]}