{"parent":"minecraft:item/generated","textures":{"layer0":"minecraft:item/gunpowder"},"overrides":[{"model":"polydecorations:block/dark_oak_shelf_top","predicate":{"custom_model_data":2}},{"model":"polydecorations:item/soul_brazier","predicate":{"custom_model_data":3}},{"model":"polydecorations:item/bamboo_bench","predicate":{"custom_model_data":4}},{"model":"polydecorations:item/dark_oak_table","predicate":{"custom_model_data":5}},{"model":"polydecorations:item/spruce_tool_rack","predicate":{"custom_model_data":6}},{"model":"polydecorations:item/birch_sign_post","predicate":{"custom_model_data":7}},{"model":"polydecorations:item/dark_oak_statue","predicate":{"custom_model_data":8}},{"model":"polydecorations:item/red_sandstone_statue","predicate":{"custom_model_data":9}},{"model":"polydecorations:item/lime_terracotta_statue","predicate":{"custom_model_data":10}},{"model":"polydecorations:block/globe_base","predicate":{"custom_model_data":11}}]}