{"parent":"minecraft:item/generated","textures":{"layer0":"minecraft:item/gunpowder"},"overrides":[{"model":"polydecorations:block/dark_oak_shelf_top","predicate":{"custom_model_data":2}},{"model":"polydecorations:item/soul_brazier","predicate":{"custom_model_data":3}},{"model":"polydecorations:item/bamboo_bench","predicate":{"custom_model_data":4}},{"model":"polydecorations:item/dark_oak_table","predicate":{"custom_model_data":5}},{"model":"polydecorations:item/spruce_tool_rack","predicate":{"custom_model_data":6}},{"model":"polydecorations:item/birch_sign_post","predicate":{"custom_model_data":7}},{"model":"polydecorations:item/dark_oak_statue","predicate":{"custom_model_data":8}},{"model":"polydecorations:item/red_sandstone_statue","predicate":{"custom_model_data":9}},{"model":"polydecorations:item/lime_terracotta_statue","predicate":{"custom_model_data":10}},{"model":"polydecorations:block/globe_base","predicate":{"custom_model_data":11}},{"model":"custom/furniture/shelves/wooden_warped_wall_shelf","predicate":{"custom_model_data":12}},{"model":"custom/furniture/tables/wooden_warped_picnic_table","predicate":{"custom_model_data":13}},{"model":"custom/furniture/benches/wooden_warped_bench","predicate":{"custom_model_data":14}},{"model":"custom/furniture/tables/warped_table_center_post","predicate":{"custom_model_data":15}},{"model":"custom/furniture/tables/warped_table","predicate":{"custom_model_data":16}},{"model":"custom/furniture/boards/warped_sidetable","predicate":{"custom_model_data":17}},{"model":"custom/furniture/shelves/warped_shelf","predicate":{"custom_model_data":18}},{"model":"custom/furniture/benches/warped_park_bench","predicate":{"custom_model_data":19}},{"model":"custom/furniture/boards/warped_end_table_cabinet","predicate":{"custom_model_data":20}},{"model":"custom/furniture/boards/warped_dresser","predicate":{"custom_model_data":21}},{"model":"custom/furniture/boards/warped_cabinet","predicate":{"custom_model_data":22}},{"model":"custom/furniture/benches/warped_bench","predicate":{"custom_model_data":23}},{"model":"custom/furniture/tables/small_warped_table","predicate":{"custom_model_data":24}},{"model":"custom/furniture/boards/small_warped_dresser","predicate":{"custom_model_data":25}},{"model":"custom/furniture/shelves/slim_warped_shelf","predicate":{"custom_model_data":26}},{"model":"custom/furniture/boards/large_warped_cabinet","predicate":{"custom_model_data":27}},{"model":"custom/furniture/shelves/iron_warped_wall_shelf","predicate":{"custom_model_data":28}},{"model":"custom/furniture/misc/cut_warped_planks","predicate":{"custom_model_data":29}},{"model":"custom/furniture/shelves/wooden_spruce_wall_shelf","predicate":{"custom_model_data":30}},{"model":"custom/furniture/tables/wooden_spruce_picnic_table","predicate":{"custom_model_data":31}},{"model":"custom/furniture/benches/wooden_spruce_bench","predicate":{"custom_model_data":32}},{"model":"custom/furniture/tables/spruce_table_center_post","predicate":{"custom_model_data":33}},{"model":"custom/furniture/tables/spruce_table","predicate":{"custom_model_data":34}},{"model":"custom/furniture/boards/spruce_sidetable","predicate":{"custom_model_data":35}},{"model":"custom/furniture/shelves/spruce_shelf","predicate":{"custom_model_data":36}},{"model":"custom/furniture/benches/spruce_park_bench","predicate":{"custom_model_data":37}},{"model":"custom/furniture/boards/spruce_end_table_cabinet","predicate":{"custom_model_data":38}},{"model":"custom/furniture/boards/spruce_dresser","predicate":{"custom_model_data":39}},{"model":"custom/furniture/boards/spruce_cabinet","predicate":{"custom_model_data":40}},{"model":"custom/furniture/benches/spruce_bench","predicate":{"custom_model_data":41}},{"model":"custom/furniture/tables/small_spruce_table","predicate":{"custom_model_data":42}},{"model":"custom/furniture/boards/small_spruce_dresser","predicate":{"custom_model_data":43}},{"model":"custom/furniture/shelves/slim_spruce_shelf","predicate":{"custom_model_data":44}},{"model":"custom/furniture/boards/large_spruce_cabinet","predicate":{"custom_model_data":45}},{"model":"custom/furniture/shelves/iron_spruce_wall_shelf","predicate":{"custom_model_data":46}},{"model":"custom/furniture/misc/cut_spruce_planks","predicate":{"custom_model_data":47}},{"model":"custom/furniture/shelves/wooden_oak_wall_shelf","predicate":{"custom_model_data":48}},{"model":"custom/furniture/tables/wooden_oak_picnic_table","predicate":{"custom_model_data":49}},{"model":"custom/furniture/benches/wooden_oak_bench","predicate":{"custom_model_data":50}},{"model":"custom/furniture/tables/small_oak_table","predicate":{"custom_model_data":51}},{"model":"custom/furniture/boards/small_oak_dresser","predicate":{"custom_model_data":52}},{"model":"custom/furniture/shelves/slim_oak_shelf","predicate":{"custom_model_data":53}},{"model":"custom/furniture/tables/oak_table_center_post","predicate":{"custom_model_data":54}},{"model":"custom/furniture/tables/oak_table","predicate":{"custom_model_data":55}},{"model":"custom/furniture/boards/oak_sidetable","predicate":{"custom_model_data":56}},{"model":"custom/furniture/shelves/oak_shelf","predicate":{"custom_model_data":57}},{"model":"custom/furniture/benches/oak_park_bench","predicate":{"custom_model_data":58}},{"model":"custom/furniture/boards/oak_end_table_cabinet","predicate":{"custom_model_data":59}},{"model":"custom/furniture/boards/oak_dresser","predicate":{"custom_model_data":60}},{"model":"custom/furniture/boards/oak_cabinet","predicate":{"custom_model_data":61}},{"model":"custom/furniture/benches/oak_bench","predicate":{"custom_model_data":62}},{"model":"custom/furniture/boards/large_oak_cabinet","predicate":{"custom_model_data":63}},{"model":"custom/furniture/shelves/iron_oak_wall_shelf","predicate":{"custom_model_data":64}},{"model":"custom/furniture/misc/cut_oak_planks","predicate":{"custom_model_data":65}},{"model":"custom/furniture/misc/stone_brick_pile","predicate":{"custom_model_data":66}},{"model":"custom/furniture/misc/small_gold_coin_piles","predicate":{"custom_model_data":67}},{"model":"custom/furniture/misc/scattered_gold_coins","predicate":{"custom_model_data":68}},{"model":"custom/furniture/misc/pile_of_iron_ingots","predicate":{"custom_model_data":69}},{"model":"custom/furniture/misc/pile_of_gold_ingots","predicate":{"custom_model_data":70}},{"model":"custom/furniture/misc/document_stack","predicate":{"custom_model_data":71}},{"model":"custom/furniture/shelves/wooden_mangrove_wall_shelf","predicate":{"custom_model_data":72}},{"model":"custom/furniture/tables/wooden_mangrove_picnic_table","predicate":{"custom_model_data":73}},{"model":"custom/furniture/benches/wooden_mangrove_bench","predicate":{"custom_model_data":74}},{"model":"custom/furniture/tables/small_mangrove_table","predicate":{"custom_model_data":75}},{"model":"custom/furniture/boards/small_mangrove_dresser","predicate":{"custom_model_data":76}},{"model":"custom/furniture/shelves/slim_mangrove_shelf","predicate":{"custom_model_data":77}},{"model":"custom/furniture/tables/mangrove_table_center_post","predicate":{"custom_model_data":78}},{"model":"custom/furniture/tables/mangrove_table","predicate":{"custom_model_data":79}},{"model":"custom/furniture/boards/mangrove_sidetable","predicate":{"custom_model_data":80}},{"model":"custom/furniture/shelves/mangrove_shelf","predicate":{"custom_model_data":81}},{"model":"custom/furniture/benches/mangrove_park_bench","predicate":{"custom_model_data":82}},{"model":"custom/furniture/boards/mangrove_end_table_cabinet","predicate":{"custom_model_data":83}},{"model":"custom/furniture/boards/mangrove_dresser","predicate":{"custom_model_data":84}},{"model":"custom/furniture/boards/mangrove_cabinet","predicate":{"custom_model_data":85}},{"model":"custom/furniture/benches/mangrove_bench","predicate":{"custom_model_data":86}},{"model":"custom/furniture/boards/large_mangrove_cabinet","predicate":{"custom_model_data":87}},{"model":"custom/furniture/shelves/iron_mangrove_wall_shelf","predicate":{"custom_model_data":88}},{"model":"custom/furniture/misc/cut_mangrove_planks","predicate":{"custom_model_data":89}},{"model":"custom/furniture/shelves/wooden_jungle_wall_shelf","predicate":{"custom_model_data":90}},{"model":"custom/furniture/tables/wooden_jungle_picnic_table","predicate":{"custom_model_data":91}},{"model":"custom/furniture/benches/wooden_jungle_bench","predicate":{"custom_model_data":92}},{"model":"custom/furniture/tables/small_jungle_table","predicate":{"custom_model_data":93}},{"model":"custom/furniture/boards/small_jungle_dresser","predicate":{"custom_model_data":94}},{"model":"custom/furniture/shelves/slim_jungle_shelf","predicate":{"custom_model_data":95}},{"model":"custom/furniture/boards/large_jungle_cabinet","predicate":{"custom_model_data":96}},{"model":"custom/furniture/tables/jungle_table_center_post","predicate":{"custom_model_data":97}},{"model":"custom/furniture/tables/jungle_table","predicate":{"custom_model_data":98}},{"model":"custom/furniture/boards/jungle_sidetable","predicate":{"custom_model_data":99}},{"model":"custom/furniture/shelves/jungle_shelf","predicate":{"custom_model_data":100}},{"model":"custom/furniture/benches/jungle_park_bench","predicate":{"custom_model_data":101}},{"model":"custom/furniture/boards/jungle_end_table_cabinet","predicate":{"custom_model_data":102}},{"model":"custom/furniture/boards/jungle_dresser","predicate":{"custom_model_data":103}},{"model":"custom/furniture/boards/jungle_cabinet","predicate":{"custom_model_data":104}},{"model":"custom/furniture/benches/jungle_bench","predicate":{"custom_model_data":105}},{"model":"custom/furniture/shelves/iron_jungle_wall_shelf","predicate":{"custom_model_data":106}},{"model":"custom/furniture/misc/cut_jungle_planks","predicate":{"custom_model_data":107}},{"model":"custom/furniture/shelves/wooden_darkoak_wall_shelf","predicate":{"custom_model_data":108}},{"model":"custom/furniture/tables/wooden_darkoak_picnic_table","predicate":{"custom_model_data":109}},{"model":"custom/furniture/benches/wooden_darkoak_bench","predicate":{"custom_model_data":110}},{"model":"custom/furniture/tables/small_darkoak_table","predicate":{"custom_model_data":111}},{"model":"custom/furniture/boards/small_darkoak_dresser_gilded","predicate":{"custom_model_data":112}},{"model":"custom/furniture/boards/small_darkoak_dresser","predicate":{"custom_model_data":113}},{"model":"custom/furniture/shelves/slim_darkoak_shelf","predicate":{"custom_model_data":114}},{"model":"custom/furniture/boards/large_darkoak_secretary_desk_gilded","predicate":{"custom_model_data":115}},{"model":"custom/furniture/boards/large_darkoak_secretary_desk","predicate":{"custom_model_data":116}},{"model":"custom/furniture/boards/large_darkoak_cabinet_gilded","predicate":{"custom_model_data":117}},{"model":"custom/furniture/boards/large_darkoak_cabinet","predicate":{"custom_model_data":118}},{"model":"custom/furniture/shelves/iron_darkoak_wall_shelf","predicate":{"custom_model_data":119}},{"model":"custom/furniture/tables/darkoak_table_gold_center_post","predicate":{"custom_model_data":120}},{"model":"custom/furniture/tables/darkoak_table_gold","predicate":{"custom_model_data":121}},{"model":"custom/furniture/tables/darkoak_table_center_post","predicate":{"custom_model_data":122}},{"model":"custom/furniture/tables/darkoak_table","predicate":{"custom_model_data":123}},{"model":"custom/furniture/boards/darkoak_sidetable","predicate":{"custom_model_data":124}},{"model":"custom/furniture/shelves/darkoak_shelf","predicate":{"custom_model_data":125}},{"model":"custom/furniture/benches/darkoak_park_bench","predicate":{"custom_model_data":126}},{"model":"custom/furniture/misc/darkoak_globe","predicate":{"custom_model_data":127}},{"model":"custom/furniture/boards/darkoak_end_table_cabinet_gilded","predicate":{"custom_model_data":128}},{"model":"custom/furniture/boards/darkoak_end_table_cabinet","predicate":{"custom_model_data":129}},{"model":"custom/furniture/boards/darkoak_dresser","predicate":{"custom_model_data":130}},{"model":"custom/furniture/chests/darkoak_chest","predicate":{"custom_model_data":131}},{"model":"custom/furniture/boards/darkoak_cabinet","predicate":{"custom_model_data":132}},{"model":"custom/furniture/benches/darkoak_bench","predicate":{"custom_model_data":133}},{"model":"custom/furniture/misc/cut_darkoak_planks","predicate":{"custom_model_data":134}},{"model":"custom/furniture/shelves/wooden_crimson_wall_shelf","predicate":{"custom_model_data":135}},{"model":"custom/furniture/tables/wooden_crimson_picnic_table","predicate":{"custom_model_data":136}},{"model":"custom/furniture/benches/wooden_crimson_bench","predicate":{"custom_model_data":137}},{"model":"custom/furniture/tables/small_crimson_table","predicate":{"custom_model_data":138}},{"model":"custom/furniture/boards/small_crimson_dresser","predicate":{"custom_model_data":139}},{"model":"custom/furniture/shelves/slim_crimson_shelf","predicate":{"custom_model_data":140}},{"model":"custom/furniture/boards/large_crimson_cabinet","predicate":{"custom_model_data":141}},{"model":"custom/furniture/shelves/iron_crimson_wall_shelf","predicate":{"custom_model_data":142}},{"model":"custom/furniture/misc/cut_crimson_planks","predicate":{"custom_model_data":143}},{"model":"custom/furniture/tables/crimson_table_center_post","predicate":{"custom_model_data":144}},{"model":"custom/furniture/tables/crimson_table","predicate":{"custom_model_data":145}},{"model":"custom/furniture/boards/crimson_sidetable","predicate":{"custom_model_data":146}},{"model":"custom/furniture/shelves/crimson_shelf","predicate":{"custom_model_data":147}},{"model":"custom/furniture/benches/crimson_park_bench","predicate":{"custom_model_data":148}},{"model":"custom/furniture/boards/crimson_end_table_cabinet","predicate":{"custom_model_data":149}},{"model":"custom/furniture/boards/crimson_dresser","predicate":{"custom_model_data":150}},{"model":"custom/furniture/boards/crimson_cabinet","predicate":{"custom_model_data":151}},{"model":"custom/furniture/benches/crimson_bench","predicate":{"custom_model_data":152}},{"model":"custom/furniture/shelves/wooden_cherry_wall_shelf","predicate":{"custom_model_data":153}},{"model":"custom/furniture/tables/wooden_cherry_picnic_table","predicate":{"custom_model_data":154}},{"model":"custom/furniture/benches/wooden_cherry_bench","predicate":{"custom_model_data":155}},{"model":"custom/furniture/tables/small_cherry_table","predicate":{"custom_model_data":156}},{"model":"custom/furniture/boards/small_cherry_dresser","predicate":{"custom_model_data":157}},{"model":"custom/furniture/shelves/slim_cherry_shelf","predicate":{"custom_model_data":158}},{"model":"custom/furniture/boards/large_cherry_cabinet","predicate":{"custom_model_data":159}},{"model":"custom/furniture/shelves/iron_cherry_wall_shelf","predicate":{"custom_model_data":160}},{"model":"custom/furniture/misc/cut_cherry_planks","predicate":{"custom_model_data":161}},{"model":"custom/furniture/tables/cherry_table_center_post","predicate":{"custom_model_data":162}},{"model":"custom/furniture/tables/cherry_table","predicate":{"custom_model_data":163}},{"model":"custom/furniture/boards/cherry_sidetable","predicate":{"custom_model_data":164}},{"model":"custom/furniture/shelves/cherry_shelf","predicate":{"custom_model_data":165}},{"model":"custom/furniture/benches/cherry_park_bench","predicate":{"custom_model_data":166}},{"model":"custom/furniture/boards/cherry_end_table_cabinet","predicate":{"custom_model_data":167}},{"model":"custom/furniture/boards/cherry_dresser","predicate":{"custom_model_data":168}},{"model":"custom/furniture/boards/cherry_cabinet","predicate":{"custom_model_data":169}},{"model":"custom/furniture/benches/cherry_bench","predicate":{"custom_model_data":170}},{"model":"custom/furniture/tables/carpentry_table","predicate":{"custom_model_data":171}},{"model":"custom/furniture/shelves/wooden_birch_wall_shelf","predicate":{"custom_model_data":172}},{"model":"custom/furniture/tables/wooden_birch_picnic_table","predicate":{"custom_model_data":173}},{"model":"custom/furniture/benches/wooden_birch_bench","predicate":{"custom_model_data":174}},{"model":"custom/furniture/tables/small_birch_table","predicate":{"custom_model_data":175}},{"model":"custom/furniture/boards/small_birch_dresser","predicate":{"custom_model_data":176}},{"model":"custom/furniture/shelves/slim_birch_shelf","predicate":{"custom_model_data":177}},{"model":"custom/furniture/boards/large_birch_cabinet","predicate":{"custom_model_data":178}},{"model":"custom/furniture/shelves/iron_birch_wall_shelf","predicate":{"custom_model_data":179}},{"model":"custom/furniture/misc/cut_birch_planks","predicate":{"custom_model_data":180}},{"model":"custom/furniture/tables/birch_table_center_post","predicate":{"custom_model_data":181}},{"model":"custom/furniture/tables/birch_table","predicate":{"custom_model_data":182}},{"model":"custom/furniture/boards/birch_sidetable","predicate":{"custom_model_data":183}},{"model":"custom/furniture/shelves/birch_shelf","predicate":{"custom_model_data":184}},{"model":"custom/furniture/benches/birch_park_bench","predicate":{"custom_model_data":185}},{"model":"custom/furniture/boards/birch_end_table_cabinet","predicate":{"custom_model_data":186}},{"model":"custom/furniture/boards/birch_dresser","predicate":{"custom_model_data":187}},{"model":"custom/furniture/boards/birch_cabinet","predicate":{"custom_model_data":188}},{"model":"custom/furniture/benches/birch_bench","predicate":{"custom_model_data":189}},{"model":"custom/furniture/shelves/wooden_bamboo_wall_shelf","predicate":{"custom_model_data":190}},{"model":"custom/furniture/tables/wooden_bamboo_picnic_table","predicate":{"custom_model_data":191}},{"model":"custom/furniture/benches/wooden_bamboo_bench","predicate":{"custom_model_data":192}},{"model":"custom/furniture/tables/small_bamboo_table","predicate":{"custom_model_data":193}},{"model":"custom/furniture/boards/small_bamboo_dresser","predicate":{"custom_model_data":194}},{"model":"custom/furniture/shelves/slim_bamboo_shelf","predicate":{"custom_model_data":195}},{"model":"custom/furniture/boards/large_bamboo_cabinet","predicate":{"custom_model_data":196}},{"model":"custom/furniture/shelves/iron_bamboo_wall_shelf","predicate":{"custom_model_data":197}},{"model":"custom/furniture/misc/cut_bamboo_planks","predicate":{"custom_model_data":198}},{"model":"custom/furniture/tables/bamboo_table_center_post","predicate":{"custom_model_data":199}},{"model":"custom/furniture/tables/bamboo_table","predicate":{"custom_model_data":200}},{"model":"custom/furniture/boards/bamboo_sidetable","predicate":{"custom_model_data":201}},{"model":"custom/furniture/shelves/bamboo_shelf","predicate":{"custom_model_data":202}},{"model":"custom/furniture/benches/bamboo_park_bench","predicate":{"custom_model_data":203}},{"model":"custom/furniture/boards/bamboo_end_table_cabinet","predicate":{"custom_model_data":204}},{"model":"custom/furniture/boards/bamboo_dresser","predicate":{"custom_model_data":205}},{"model":"custom/furniture/boards/bamboo_cabinet","predicate":{"custom_model_data":206}},{"model":"custom/furniture/benches/bamboo_bench","predicate":{"custom_model_data":207}},{"model":"custom/furniture/shelves/wooden_acacia_wall_shelf","predicate":{"custom_model_data":208}},{"model":"custom/furniture/tables/wooden_acacia_picnic_table","predicate":{"custom_model_data":209}},{"model":"custom/furniture/benches/wooden_acacia_bench","predicate":{"custom_model_data":210}},{"model":"custom/furniture/tables/small_acacia_table","predicate":{"custom_model_data":211}},{"model":"custom/furniture/boards/small_acacia_dresser","predicate":{"custom_model_data":212}},{"model":"custom/furniture/shelves/slim_acacia_shelf","predicate":{"custom_model_data":213}},{"model":"custom/furniture/boards/large_acacia_cabinet","predicate":{"custom_model_data":214}},{"model":"custom/furniture/shelves/iron_acacia_wall_shelf","predicate":{"custom_model_data":215}},{"model":"custom/furniture/misc/cut_acacia_planks","predicate":{"custom_model_data":216}},{"model":"custom/furniture/tables/acacia_table_center_post","predicate":{"custom_model_data":217}},{"model":"custom/furniture/tables/acacia_table","predicate":{"custom_model_data":218}},{"model":"custom/furniture/boards/acacia_sidetable","predicate":{"custom_model_data":219}},{"model":"custom/furniture/shelves/acacia_shelf","predicate":{"custom_model_data":220}},{"model":"custom/furniture/benches/acacia_park_bench","predicate":{"custom_model_data":221}},{"model":"custom/furniture/boards/acacia_end_table_cabinet","predicate":{"custom_model_data":222}},{"model":"custom/furniture/boards/acacia_dresser","predicate":{"custom_model_data":223}},{"model":"custom/furniture/boards/acacia_cabinet","predicate":{"custom_model_data":224}},{"model":"custom/furniture/benches/acacia_bench","predicate":{"custom_model_data":225}}]}