{"parent":"minecraft:item/generated","textures":{"layer0":"minecraft:item/leather_horse_armor"},"overrides":[{"model":"bil:item/darkoak_chest.ajmodel/6cd112ff-2233-87e1-46ab-f17c5687afca","predicate":{"custom_model_data":2}},{"model":"bil:item/darkoak_chest.ajmodel/169bbf87-faed-e9d9-c920-2aad6f3d72c8","predicate":{"custom_model_data":3}},{"model":"custom/furniture/chairs/warped_chair_with_cushion","predicate":{"custom_model_data":4}},{"model":"custom/furniture/chairs/warped_chair","predicate":{"custom_model_data":5}},{"model":"custom/furniture/chairs/spruce_chair_with_cushion","predicate":{"custom_model_data":6}},{"model":"custom/furniture/chairs/spruce_chair","predicate":{"custom_model_data":7}},{"model":"custom/furniture/chairs/oak_chair_with_cushion","predicate":{"custom_model_data":8}},{"model":"custom/furniture/chairs/oak_chair","predicate":{"custom_model_data":9}},{"model":"custom/furniture/misc/striped_towel","predicate":{"custom_model_data":10}},{"model":"custom/furniture/chairs/mangrove_chair_with_cushion","predicate":{"custom_model_data":11}},{"model":"custom/furniture/chairs/mangrove_chair","predicate":{"custom_model_data":12}},{"model":"custom/furniture/chairs/jungle_chair_with_cushion","predicate":{"custom_model_data":13}},{"model":"custom/furniture/chairs/jungle_chair","predicate":{"custom_model_data":14}},{"model":"custom/furniture/chairs/darkoak_chair_with_cushion","predicate":{"custom_model_data":15}},{"model":"custom/furniture/chairs/darkoak_chair","predicate":{"custom_model_data":16}},{"model":"custom/furniture/chairs/crimson_chair_with_cushion","predicate":{"custom_model_data":17}},{"model":"custom/furniture/chairs/crimson_chair","predicate":{"custom_model_data":18}},{"model":"custom/furniture/chairs/cherry_chair_with_cushion","predicate":{"custom_model_data":19}},{"model":"custom/furniture/chairs/cherry_chair","predicate":{"custom_model_data":20}},{"model":"custom/furniture/chairs/birch_chair_with_cushion","predicate":{"custom_model_data":21}},{"model":"custom/furniture/chairs/birch_chair","predicate":{"custom_model_data":22}},{"model":"custom/furniture/chairs/bamboo_chair_with_cushion","predicate":{"custom_model_data":23}},{"model":"custom/furniture/chairs/bamboo_chair","predicate":{"custom_model_data":24}},{"model":"custom/furniture/chairs/acacia_chair_with_cushion","predicate":{"custom_model_data":25}},{"model":"custom/furniture/chairs/acacia_chair","predicate":{"custom_model_data":26}},{"model":"bil:item/filament/model/darkoak_chest.ajmodel/6cd112ff-2233-87e1-46ab-f17c5687afca","predicate":{"custom_model_data":27}},{"model":"bil:item/filament/model/darkoak_chest.ajmodel/169bbf87-faed-e9d9-c920-2aad6f3d72c8","predicate":{"custom_model_data":28}}]}