{"parent":"minecraft:item/generated","textures":{"layer0":"minecraft:item/leather"},"overrides":[{"model":"polydecorations:block/cherry_shelf_top","predicate":{"custom_model_data":2}},{"model":"polydecorations:item/mod_icon","predicate":{"custom_model_data":3}},{"model":"polydecorations:item/oak_shelf","predicate":{"custom_model_data":4}},{"model":"polydecorations:item/bamboo_table","predicate":{"custom_model_data":5}},{"model":"polydecorations:item/dark_oak_tool_rack","predicate":{"custom_model_data":6}},{"model":"polydecorations:item/spruce_mailbox","predicate":{"custom_model_data":7}},{"model":"polydecorations:item/birch_statue","predicate":{"custom_model_data":8}},{"model":"polydecorations:item/deepslate_statue","predicate":{"custom_model_data":9}},{"model":"polydecorations:item/orange_terracotta_statue","predicate":{"custom_model_data":10}},{"model":"polydecorations:block/lantern_support","predicate":{"custom_model_data":11}}]}