{"parent":"minecraft:block/light_blue_terracotta","overrides":[{"model":"polydecorations:block/birch_bench_norest","predicate":{"custom_model_data":2}},{"model":"polydecorations:block/crimson_bench_left","predicate":{"custom_model_data":3}},{"model":"polydecorations:block/oak_table_4","predicate":{"custom_model_data":4}},{"model":"polydecorations:block/birch_table_4","predicate":{"custom_model_data":5}},{"model":"polydecorations:block/cherry_table_4","predicate":{"custom_model_data":6}},{"model":"polydecorations:block/dark_oak_table_4","predicate":{"custom_model_data":7}},{"model":"polydecorations:block/warped_table_4","predicate":{"custom_model_data":8}},{"model":"polydecorations:block/bamboo_table_4","predicate":{"custom_model_data":9}},{"model":"polydecorations:block/rope/20","predicate":{"custom_model_data":10}},{"model":"polydecorations:block/rope/52","predicate":{"custom_model_data":11}},{"model":"polydecorations:block/statue/prismarine/left_arm","predicate":{"custom_model_data":12}},{"model":"polydecorations:block/statue/diorite/left_leg","predicate":{"custom_model_data":13}},{"model":"polydecorations:block/statue/terracotta/head","predicate":{"custom_model_data":14}},{"model":"polydecorations:block/statue/yellow_terracotta/left_arm","predicate":{"custom_model_data":15}},{"model":"polydecorations:block/statue/cyan_terracotta/left_leg","predicate":{"custom_model_data":16}},{"model":"polydecorations:block/statue/black_terracotta/head","predicate":{"custom_model_data":17}},{"model":"polydecorations:block/statue/cherry/left_arm","predicate":{"custom_model_data":18}},{"model":"polydecorations:block/statue/mangrove/left_leg","predicate":{"custom_model_data":19}}]}