{"parent":"minecraft:block/light_blue_wool","overrides":[{"model":"polydecorations:block/oak_bench_right","predicate":{"custom_model_data":2}},{"model":"polydecorations:block/cherry_bench_norest_right","predicate":{"custom_model_data":3}},{"model":"polydecorations:block/mangrove_bench_middle","predicate":{"custom_model_data":4}},{"model":"polydecorations:block/spruce_table_4","predicate":{"custom_model_data":5}},{"model":"polydecorations:block/acacia_table_4","predicate":{"custom_model_data":6}},{"model":"polydecorations:block/jungle_table_4","predicate":{"custom_model_data":7}},{"model":"polydecorations:block/crimson_table_4","predicate":{"custom_model_data":8}},{"model":"polydecorations:block/mangrove_table_4","predicate":{"custom_model_data":9}},{"model":"polydecorations:block/rope/4","predicate":{"custom_model_data":10}},{"model":"polydecorations:block/rope/36","predicate":{"custom_model_data":11}},{"model":"polydecorations:block/statue/stone/left_leg","predicate":{"custom_model_data":12}},{"model":"polydecorations:block/statue/quartz/head","predicate":{"custom_model_data":13}},{"model":"polydecorations:block/statue/packed_mud/left_arm","predicate":{"custom_model_data":14}},{"model":"polydecorations:block/statue/orange_terracotta/left_leg","predicate":{"custom_model_data":15}},{"model":"polydecorations:block/statue/gray_terracotta/head","predicate":{"custom_model_data":16}},{"model":"polydecorations:block/statue/brown_terracotta/left_arm","predicate":{"custom_model_data":17}},{"model":"polydecorations:block/statue/spruce/left_leg","predicate":{"custom_model_data":18}},{"model":"polydecorations:block/statue/crimson/head","predicate":{"custom_model_data":19}}]}