{"parent":"minecraft:item/generated","textures":{"layer0":"minecraft:item/nether_brick"},"overrides":[{"model":"polydecorations:block/birch_shelf_top","predicate":{"custom_model_data":2}},{"model":"polydecorations:block/mangrove_shelf_double","predicate":{"custom_model_data":3}},{"model":"polydecorations:item/crimson_shelf","predicate":{"custom_model_data":4}},{"model":"polydecorations:item/oak_bench","predicate":{"custom_model_data":5}},{"model":"polydecorations:item/bamboo_tool_rack","predicate":{"custom_model_data":6}},{"model":"polydecorations:item/dark_oak_mailbox","predicate":{"custom_model_data":7}},{"model":"polydecorations:item/mangrove_sign_post","predicate":{"custom_model_data":8}},{"model":"polydecorations:item/rope","predicate":{"custom_model_data":9}},{"model":"polydecorations:item/stone_bricks_statue","predicate":{"custom_model_data":10}},{"model":"polydecorations:item/brown_terracotta_statue","predicate":{"custom_model_data":11}}]}