{"parent":"minecraft:block/orange_wool","overrides":[{"model":"polydecorations:block/trashcan_lid","predicate":{"custom_model_data":2}},{"model":"polydecorations:block/cherry_bench_norest","predicate":{"custom_model_data":3}},{"model":"polydecorations:block/mangrove_bench_left","predicate":{"custom_model_data":4}},{"model":"polydecorations:block/spruce_table_2","predicate":{"custom_model_data":5}},{"model":"polydecorations:block/acacia_table_2","predicate":{"custom_model_data":6}},{"model":"polydecorations:block/jungle_table_2","predicate":{"custom_model_data":7}},{"model":"polydecorations:block/crimson_table_2","predicate":{"custom_model_data":8}},{"model":"polydecorations:block/mangrove_table_2","predicate":{"custom_model_data":9}},{"model":"polydecorations:block/rope/2","predicate":{"custom_model_data":10}},{"model":"polydecorations:block/rope/34","predicate":{"custom_model_data":11}},{"model":"polydecorations:block/statue/stone/left_arm","predicate":{"custom_model_data":12}},{"model":"polydecorations:block/statue/red_sandstone/left_leg","predicate":{"custom_model_data":13}},{"model":"polydecorations:block/statue/packed_mud/head","predicate":{"custom_model_data":14}},{"model":"polydecorations:block/statue/orange_terracotta/left_arm","predicate":{"custom_model_data":15}},{"model":"polydecorations:block/statue/pink_terracotta/left_leg","predicate":{"custom_model_data":16}},{"model":"polydecorations:block/statue/brown_terracotta/head","predicate":{"custom_model_data":17}},{"model":"polydecorations:block/statue/spruce/left_arm","predicate":{"custom_model_data":18}},{"model":"polydecorations:block/statue/dark_oak/left_leg","predicate":{"custom_model_data":19}}]}