{"parent":"minecraft:item/generated","textures":{"layer0":"minecraft:item/paper"},"overrides":[{"model":"polydecorations:block/oak_shelf_top","predicate":{"custom_model_data":2}},{"model":"polydecorations:block/crimson_shelf_double","predicate":{"custom_model_data":3}},{"model":"polydecorations:item/acacia_shelf","predicate":{"custom_model_data":4}},{"model":"polydecorations:item/crimson_bench","predicate":{"custom_model_data":5}},{"model":"polydecorations:item/oak_table","predicate":{"custom_model_data":6}},{"model":"polydecorations:item/bamboo_mailbox","predicate":{"custom_model_data":7}},{"model":"polydecorations:item/jungle_sign_post","predicate":{"custom_model_data":8}},{"model":"polydecorations:item/mangrove_statue","predicate":{"custom_model_data":9}},{"model":"polydecorations:item/diorite_statue","predicate":{"custom_model_data":10}},{"model":"polydecorations:item/light_gray_terracotta_statue","predicate":{"custom_model_data":11}},{"model":"custom/block/concrete/yellow_concrete_bricks","predicate":{"custom_model_data":12}},{"model":"custom/block/concrete/white_concrete_bricks","predicate":{"custom_model_data":13}},{"model":"custom/block/concrete/red_concrete_bricks","predicate":{"custom_model_data":14}},{"model":"custom/block/concrete/purple_concrete_bricks","predicate":{"custom_model_data":15}},{"model":"custom/block/concrete/pink_concrete_bricks","predicate":{"custom_model_data":16}},{"model":"custom/block/concrete/orange_concrete_bricks","predicate":{"custom_model_data":17}},{"model":"custom/block/concrete/magenta_concrete_bricks","predicate":{"custom_model_data":18}},{"model":"custom/block/concrete/lime_concrete_bricks","predicate":{"custom_model_data":19}},{"model":"custom/block/concrete/light_gray_concrete_bricks","predicate":{"custom_model_data":20}},{"model":"custom/block/concrete/light_blue_concrete_bricks","predicate":{"custom_model_data":21}},{"model":"custom/block/concrete/green_concrete_bricks","predicate":{"custom_model_data":22}},{"model":"custom/block/concrete/gray_concrete_bricks","predicate":{"custom_model_data":23}},{"model":"custom/block/concrete/cyan_concrete_bricks","predicate":{"custom_model_data":24}},{"model":"custom/block/concrete/brown_concrete_bricks","predicate":{"custom_model_data":25}},{"model":"custom/block/concrete/blue_concrete_bricks","predicate":{"custom_model_data":26}},{"model":"custom/block/concrete/black_concrete_bricks","predicate":{"custom_model_data":27}},{"model":"custom/furniture/misc/nails","predicate":{"custom_model_data":28}},{"model":"custom/block/wood/vertical_planks/warped","predicate":{"custom_model_data":29}},{"model":"custom/block/wood/vertical_planks/spruce","predicate":{"custom_model_data":30}},{"model":"custom/block/wood/vertical_planks/oak","predicate":{"custom_model_data":31}},{"model":"custom/block/wood/vertical_planks/mangrove","predicate":{"custom_model_data":32}},{"model":"custom/block/wood/vertical_planks/jungle","predicate":{"custom_model_data":33}},{"model":"custom/block/wood/vertical_planks/dark_oak","predicate":{"custom_model_data":34}},{"model":"custom/block/wood/vertical_planks/crimson","predicate":{"custom_model_data":35}},{"model":"custom/block/wood/vertical_planks/cherry","predicate":{"custom_model_data":36}},{"model":"custom/block/wood/vertical_planks/birch","predicate":{"custom_model_data":37}},{"model":"custom/block/wood/vertical_planks/bamboo","predicate":{"custom_model_data":38}},{"model":"custom/block/wood/vertical_planks/acacia","predicate":{"custom_model_data":39}},{"model":"custom/block/wood/chiseled_planks/warped","predicate":{"custom_model_data":40}},{"model":"custom/block/wood/chiseled_planks/spruce","predicate":{"custom_model_data":41}},{"model":"custom/block/wood/chiseled_planks/oak","predicate":{"custom_model_data":42}},{"model":"custom/block/wood/chiseled_planks/mangrove","predicate":{"custom_model_data":43}},{"model":"custom/block/wood/chiseled_planks/jungle","predicate":{"custom_model_data":44}},{"model":"custom/block/wood/chiseled_planks/dark_oak","predicate":{"custom_model_data":45}},{"model":"custom/block/wood/chiseled_planks/crimson","predicate":{"custom_model_data":46}},{"model":"custom/block/wood/chiseled_planks/cherry","predicate":{"custom_model_data":47}},{"model":"custom/block/wood/chiseled_planks/birch","predicate":{"custom_model_data":48}},{"model":"custom/block/wood/chiseled_planks/bamboo","predicate":{"custom_model_data":49}},{"model":"custom/block/wood/chiseled_planks/acacia","predicate":{"custom_model_data":50}}]}