{"parent":"minecraft:item/generated","textures":{"layer0":"minecraft:item/phantom_membrane"},"overrides":[{"model":"polydecorations:block/jungle_shelf_double","predicate":{"custom_model_data":2}},{"model":"polydecorations:item/brazier","predicate":{"custom_model_data":3}},{"model":"polydecorations:item/acacia_bench","predicate":{"custom_model_data":4}},{"model":"polydecorations:item/crimson_table","predicate":{"custom_model_data":5}},{"model":"polydecorations:item/oak_tool_rack","predicate":{"custom_model_data":6}},{"model":"polydecorations:item/spruce_sign_post","predicate":{"custom_model_data":7}},{"model":"polydecorations:item/jungle_statue","predicate":{"custom_model_data":8}},{"model":"polydecorations:item/sandstone_statue","predicate":{"custom_model_data":9}},{"model":"polydecorations:item/yellow_terracotta_statue","predicate":{"custom_model_data":10}},{"model":"polydecorations:block/unlit_brazier","predicate":{"custom_model_data":11}}]}