{"parent":"minecraft:block/pink_terracotta","overrides":[{"model":"polydecorations:block/birch_bench_norest_middle","predicate":{"custom_model_data":2}},{"model":"polydecorations:block/crimson_bench_norest","predicate":{"custom_model_data":3}},{"model":"polydecorations:block/oak_table_7","predicate":{"custom_model_data":4}},{"model":"polydecorations:block/birch_table_7","predicate":{"custom_model_data":5}},{"model":"polydecorations:block/cherry_table_7","predicate":{"custom_model_data":6}},{"model":"polydecorations:block/dark_oak_table_7","predicate":{"custom_model_data":7}},{"model":"polydecorations:block/warped_table_7","predicate":{"custom_model_data":8}},{"model":"polydecorations:block/bamboo_table_7","predicate":{"custom_model_data":9}},{"model":"polydecorations:block/rope/23","predicate":{"custom_model_data":10}},{"model":"polydecorations:block/rope/55","predicate":{"custom_model_data":11}},{"model":"polydecorations:block/statue/prismarine/right_leg","predicate":{"custom_model_data":12}},{"model":"polydecorations:block/statue/granite/body","predicate":{"custom_model_data":13}},{"model":"polydecorations:block/statue/terracotta/right_arm","predicate":{"custom_model_data":14}},{"model":"polydecorations:block/statue/yellow_terracotta/right_leg","predicate":{"custom_model_data":15}},{"model":"polydecorations:block/statue/purple_terracotta/body","predicate":{"custom_model_data":16}},{"model":"polydecorations:block/statue/black_terracotta/right_arm","predicate":{"custom_model_data":17}},{"model":"polydecorations:block/statue/cherry/right_leg","predicate":{"custom_model_data":18}},{"model":"polydecorations:block/statue/bamboo/body","predicate":{"custom_model_data":19}}]}