{"parent":"minecraft:item/generated","textures":{"layer0":"minecraft:item/popped_chorus_fruit"},"overrides":[{"model":"polydecorations:block/spruce_shelf_top","predicate":{"custom_model_data":2}},{"model":"polydecorations:block/warped_shelf_double","predicate":{"custom_model_data":3}},{"model":"polydecorations:item/birch_shelf","predicate":{"custom_model_data":4}},{"model":"polydecorations:item/jungle_bench","predicate":{"custom_model_data":5}},{"model":"polydecorations:item/warped_table","predicate":{"custom_model_data":6}},{"model":"polydecorations:item/cherry_mailbox","predicate":{"custom_model_data":7}},{"model":"polydecorations:item/crimson_sign_post","predicate":{"custom_model_data":8}},{"model":"polydecorations:item/ghost_light","predicate":{"custom_model_data":9}},{"model":"polydecorations:item/tuff_statue","predicate":{"custom_model_data":10}},{"model":"polydecorations:item/purple_terracotta_statue","predicate":{"custom_model_data":11}}]}