{"parent":"minecraft:block/purple_wool","overrides":[{"model":"polydecorations:block/spruce_bench_right","predicate":{"custom_model_data":2}},{"model":"polydecorations:block/jungle_bench_norest_right","predicate":{"custom_model_data":3}},{"model":"polydecorations:block/bamboo_bench_middle","predicate":{"custom_model_data":4}},{"model":"polydecorations:block/spruce_table_11","predicate":{"custom_model_data":5}},{"model":"polydecorations:block/acacia_table_11","predicate":{"custom_model_data":6}},{"model":"polydecorations:block/jungle_table_11","predicate":{"custom_model_data":7}},{"model":"polydecorations:block/crimson_table_11","predicate":{"custom_model_data":8}},{"model":"polydecorations:block/mangrove_table_11","predicate":{"custom_model_data":9}},{"model":"polydecorations:block/rope/11","predicate":{"custom_model_data":10}},{"model":"polydecorations:block/rope/43","predicate":{"custom_model_data":11}},{"model":"polydecorations:block/statue/deepslate/right_leg","predicate":{"custom_model_data":12}},{"model":"polydecorations:block/statue/andesite/body","predicate":{"custom_model_data":13}},{"model":"polydecorations:block/statue/stone_bricks/right_arm","predicate":{"custom_model_data":14}},{"model":"polydecorations:block/statue/magenta_terracotta/right_leg","predicate":{"custom_model_data":15}},{"model":"polydecorations:block/statue/light_gray_terracotta/body","predicate":{"custom_model_data":16}},{"model":"polydecorations:block/statue/green_terracotta/right_arm","predicate":{"custom_model_data":17}},{"model":"polydecorations:block/statue/birch/right_leg","predicate":{"custom_model_data":18}},{"model":"polydecorations:block/statue/warped/body","predicate":{"custom_model_data":19}}]}