{"parent":"minecraft:item/generated","textures":{"layer0":"minecraft:item/rabbit_foot"},"overrides":[{"model":"polydecorations:block/jungle_shelf_top","predicate":{"custom_model_data":2}},{"model":"polydecorations:item/hammer","predicate":{"custom_model_data":3}},{"model":"polydecorations:item/warped_shelf","predicate":{"custom_model_data":4}},{"model":"polydecorations:item/cherry_table","predicate":{"custom_model_data":5}},{"model":"polydecorations:item/mangrove_tool_rack","predicate":{"custom_model_data":6}},{"model":"polydecorations:item/oak_sign_post","predicate":{"custom_model_data":7}},{"model":"polydecorations:item/cherry_statue","predicate":{"custom_model_data":8}},{"model":"polydecorations:item/prismarine_statue","predicate":{"custom_model_data":9}},{"model":"polydecorations:item/light_blue_terracotta_statue","predicate":{"custom_model_data":10}},{"model":"polydecorations:block/lantern_support_fence","predicate":{"custom_model_data":11}}]}