{"parent":"minecraft:item/generated","textures":{"layer0":"minecraft:item/rabbit_hide"},"overrides":[{"model":"polydecorations:block/cherry_shelf_double","predicate":{"custom_model_data":2}},{"model":"polydecorations:item/trowel","predicate":{"custom_model_data":3}},{"model":"polydecorations:item/spruce_shelf","predicate":{"custom_model_data":4}},{"model":"polydecorations:item/birch_table","predicate":{"custom_model_data":5}},{"model":"polydecorations:item/jungle_tool_rack","predicate":{"custom_model_data":6}},{"model":"polydecorations:item/warped_mailbox","predicate":{"custom_model_data":7}},{"model":"polydecorations:item/acacia_statue","predicate":{"custom_model_data":8}},{"model":"polydecorations:item/blackstone_statue","predicate":{"custom_model_data":9}},{"model":"polydecorations:item/magenta_terracotta_statue","predicate":{"custom_model_data":10}},{"model":"polydecorations:block/lantern_support_wall","predicate":{"custom_model_data":11}}]}