{"parent":"minecraft:block/red_terracotta","overrides":[{"model":"polydecorations:block/cherry_bench_left","predicate":{"custom_model_data":2}},{"model":"polydecorations:block/warped_bench_norest_left","predicate":{"custom_model_data":3}},{"model":"polydecorations:block/oak_table_15","predicate":{"custom_model_data":4}},{"model":"polydecorations:block/birch_table_15","predicate":{"custom_model_data":5}},{"model":"polydecorations:block/cherry_table_15","predicate":{"custom_model_data":6}},{"model":"polydecorations:block/dark_oak_table_15","predicate":{"custom_model_data":7}},{"model":"polydecorations:block/warped_table_15","predicate":{"custom_model_data":8}},{"model":"polydecorations:block/bamboo_table_15","predicate":{"custom_model_data":9}},{"model":"polydecorations:block/rope/31","predicate":{"custom_model_data":10}},{"model":"polydecorations:block/rope/63","predicate":{"custom_model_data":11}},{"model":"polydecorations:block/statue/red_sandstone/body","predicate":{"custom_model_data":12}},{"model":"polydecorations:block/statue/tuff/right_arm","predicate":{"custom_model_data":13}},{"model":"polydecorations:block/statue/white_terracotta/right_leg","predicate":{"custom_model_data":14}},{"model":"polydecorations:block/statue/pink_terracotta/body","predicate":{"custom_model_data":15}},{"model":"polydecorations:block/statue/blue_terracotta/right_arm","predicate":{"custom_model_data":16}},{"model":"polydecorations:block/statue/oak/right_leg","predicate":{"custom_model_data":17}},{"model":"polydecorations:block/statue/dark_oak/body","predicate":{"custom_model_data":18}}]}