{"parent":"minecraft:item/generated","textures":{"layer0":"minecraft:item/sugar"},"overrides":[{"model":"polydecorations:block/dark_oak_shelf_double","predicate":{"custom_model_data":2}},{"model":"polydecorations:item/globe","predicate":{"custom_model_data":3}},{"model":"polydecorations:item/birch_bench","predicate":{"custom_model_data":4}},{"model":"polydecorations:item/jungle_table","predicate":{"custom_model_data":5}},{"model":"polydecorations:item/warped_tool_rack","predicate":{"custom_model_data":6}},{"model":"polydecorations:item/acacia_sign_post","predicate":{"custom_model_data":7}},{"model":"polydecorations:item/crimson_statue","predicate":{"custom_model_data":8}},{"model":"polydecorations:item/quartz_statue","predicate":{"custom_model_data":9}},{"model":"polydecorations:item/pink_terracotta_statue","predicate":{"custom_model_data":10}},{"model":"polydecorations:block/globe_earth","predicate":{"custom_model_data":11}}]}