{"parent":"minecraft:item/generated","textures":{"layer0":"minecraft:item/turtle_scute"},"overrides":[{"model":"polydecorations:block/acacia_shelf_double","predicate":{"custom_model_data":2}},{"model":"polydecorations:block/mailbox_flag","predicate":{"custom_model_data":3}},{"model":"polydecorations:item/mangrove_shelf","predicate":{"custom_model_data":4}},{"model":"polydecorations:item/acacia_table","predicate":{"custom_model_data":5}},{"model":"polydecorations:item/crimson_tool_rack","predicate":{"custom_model_data":6}},{"model":"polydecorations:item/oak_mailbox","predicate":{"custom_model_data":7}},{"model":"polydecorations:item/spruce_statue","predicate":{"custom_model_data":8}},{"model":"polydecorations:item/stone_statue","predicate":{"custom_model_data":9}},{"model":"polydecorations:item/white_terracotta_statue","predicate":{"custom_model_data":10}},{"model":"polydecorations:item/black_terracotta_statue","predicate":{"custom_model_data":11}}]}