{"parent":"minecraft:block/white_wool","overrides":[{"model":"polydecorations:block/trashcan_bin","predicate":{"custom_model_data":2}},{"model":"polydecorations:block/cherry_bench_middle","predicate":{"custom_model_data":3}},{"model":"polydecorations:block/warped_bench_norest_middle","predicate":{"custom_model_data":4}},{"model":"polydecorations:block/spruce_table_1","predicate":{"custom_model_data":5}},{"model":"polydecorations:block/acacia_table_1","predicate":{"custom_model_data":6}},{"model":"polydecorations:block/jungle_table_1","predicate":{"custom_model_data":7}},{"model":"polydecorations:block/crimson_table_1","predicate":{"custom_model_data":8}},{"model":"polydecorations:block/mangrove_table_1","predicate":{"custom_model_data":9}},{"model":"polydecorations:block/rope/1","predicate":{"custom_model_data":10}},{"model":"polydecorations:block/rope/33","predicate":{"custom_model_data":11}},{"model":"polydecorations:block/statue/stone/body","predicate":{"custom_model_data":12}},{"model":"polydecorations:block/statue/red_sandstone/right_arm","predicate":{"custom_model_data":13}},{"model":"polydecorations:block/statue/tuff/right_leg","predicate":{"custom_model_data":14}},{"model":"polydecorations:block/statue/orange_terracotta/body","predicate":{"custom_model_data":15}},{"model":"polydecorations:block/statue/pink_terracotta/right_arm","predicate":{"custom_model_data":16}},{"model":"polydecorations:block/statue/blue_terracotta/right_leg","predicate":{"custom_model_data":17}},{"model":"polydecorations:block/statue/spruce/body","predicate":{"custom_model_data":18}},{"model":"polydecorations:block/statue/dark_oak/right_arm","predicate":{"custom_model_data":19}}]}