{"parent":"minecraft:block/white_terracotta","overrides":[{"model":"polydecorations:block/birch_bench_left","predicate":{"custom_model_data":2}},{"model":"polydecorations:block/dark_oak_bench_norest_left","predicate":{"custom_model_data":3}},{"model":"polydecorations:block/oak_table_1","predicate":{"custom_model_data":4}},{"model":"polydecorations:block/birch_table_1","predicate":{"custom_model_data":5}},{"model":"polydecorations:block/cherry_table_1","predicate":{"custom_model_data":6}},{"model":"polydecorations:block/dark_oak_table_1","predicate":{"custom_model_data":7}},{"model":"polydecorations:block/warped_table_1","predicate":{"custom_model_data":8}},{"model":"polydecorations:block/bamboo_table_1","predicate":{"custom_model_data":9}},{"model":"polydecorations:block/rope/17","predicate":{"custom_model_data":10}},{"model":"polydecorations:block/rope/49","predicate":{"custom_model_data":11}},{"model":"polydecorations:block/statue/blackstone/right_leg","predicate":{"custom_model_data":12}},{"model":"polydecorations:block/statue/diorite/body","predicate":{"custom_model_data":13}},{"model":"polydecorations:block/statue/tuff_bricks/right_arm","predicate":{"custom_model_data":14}},{"model":"polydecorations:block/statue/light_blue_terracotta/right_leg","predicate":{"custom_model_data":15}},{"model":"polydecorations:block/statue/cyan_terracotta/body","predicate":{"custom_model_data":16}},{"model":"polydecorations:block/statue/red_terracotta/right_arm","predicate":{"custom_model_data":17}},{"model":"polydecorations:block/statue/acacia/right_leg","predicate":{"custom_model_data":18}},{"model":"polydecorations:block/statue/mangrove/body","predicate":{"custom_model_data":19}}]}