{
	"texture_size": [128, 128],
	"textures": {
		"0": "item/furniture/boards/large_birch_cabinet",
		"particle": "item/furniture/boards/large_birch_cabinet"
	},
	"elements": [
		{
			"from": [-8, 31, 0],
			"to": [24, 32, 16],
			"faces": {
				"north": {"uv": [1.75, 5.625, 5.75, 5.75], "texture": "#0"},
				"east": {"uv": [1.75, 7.75, 3.75, 7.875], "texture": "#0"},
				"south": {"uv": [1.75, 5.625, 5.75, 5.75], "texture": "#0"},
				"west": {"uv": [1.75, 7.75, 3.75, 7.875], "texture": "#0"},
				"up": {"uv": [5.75, 7.75, 1.75, 5.75], "texture": "#0"},
				"down": {"uv": [5.75, 5.75, 1.75, 7.75], "texture": "#0"}
			}
		},
		{
			"from": [21, -16, 1],
			"to": [23, -14, 3],
			"faces": {
				"north": {"uv": [7.5, 4.375, 7.75, 4.625], "texture": "#0"},
				"east": {"uv": [7.5, 4.375, 7.75, 4.625], "texture": "#0"},
				"south": {"uv": [7.5, 4.375, 7.75, 4.625], "texture": "#0"},
				"west": {"uv": [7.5, 4.375, 7.75, 4.625], "texture": "#0"},
				"up": {"uv": [4.25, 5.125, 4, 5.375], "texture": "#0"},
				"down": {"uv": [4.25, 5.375, 4, 5.125], "texture": "#0"}
			}
		},
		{
			"from": [-7, -16, 1],
			"to": [-5, -14, 3],
			"faces": {
				"north": {"uv": [7.5, 4.375, 7.75, 4.625], "texture": "#0"},
				"east": {"uv": [7.5, 4.375, 7.75, 4.625], "texture": "#0"},
				"south": {"uv": [7.5, 4.375, 7.75, 4.625], "texture": "#0"},
				"west": {"uv": [7.5, 4.375, 7.75, 4.625], "texture": "#0"},
				"up": {"uv": [4.25, 5.125, 4, 5.375], "texture": "#0"},
				"down": {"uv": [4.25, 5.375, 4, 5.125], "texture": "#0"}
			}
		},
		{
			"from": [-7, -16, 13],
			"to": [-5, -14, 15],
			"faces": {
				"north": {"uv": [7.5, 4.375, 7.75, 4.625], "texture": "#0"},
				"east": {"uv": [7.5, 4.375, 7.75, 4.625], "texture": "#0"},
				"south": {"uv": [7.5, 4.375, 7.75, 4.625], "texture": "#0"},
				"west": {"uv": [7.5, 4.375, 7.75, 4.625], "texture": "#0"},
				"up": {"uv": [4.25, 5.125, 4, 5.375], "texture": "#0"},
				"down": {"uv": [4.25, 5.375, 4, 5.125], "texture": "#0"}
			}
		},
		{
			"from": [21, -16, 13],
			"to": [23, -14, 15],
			"faces": {
				"north": {"uv": [7.5, 4.375, 7.75, 4.625], "texture": "#0"},
				"east": {"uv": [7.5, 4.375, 7.75, 4.625], "texture": "#0"},
				"south": {"uv": [7.5, 4.375, 7.75, 4.625], "texture": "#0"},
				"west": {"uv": [7.5, 4.375, 7.75, 4.625], "texture": "#0"},
				"up": {"uv": [4.25, 5.125, 4, 5.375], "texture": "#0"},
				"down": {"uv": [4.25, 5.375, 4, 5.125], "texture": "#0"}
			}
		},
		{
			"from": [-7, -14, 1],
			"to": [23, 31, 15],
			"rotation": {"angle": 0, "axis": "y", "origin": [8, 8.5, 8]},
			"faces": {
				"north": {"uv": [3.75, 0, 7.5, 5.625], "texture": "#0"},
				"east": {"uv": [0, 5.625, 1.75, 11.25], "texture": "#0"},
				"south": {"uv": [0, 0, 3.75, 5.625], "texture": "#0"},
				"west": {"uv": [1.75, 5.625, 0, 11.25], "texture": "#0"},
				"down": {"uv": [5.625, 5.875, 1.875, 7.625], "rotation": 180, "texture": "#0"}
			}
		}
	],
	"display": {
		"thirdperson_righthand": {
			"rotation": [75, 45, 0],
			"translation": [0.75, 2.25, 0],
			"scale": [0.2, 0.2, 0.2]
		},
		"thirdperson_lefthand": {
			"rotation": [75, 45, 0],
			"translation": [0.75, 2.25, 0],
			"scale": [0.2, 0.2, 0.2]
		},
		"firstperson_righthand": {
			"rotation": [0, 80, 0],
			"scale": [0.18, 0.18, 0.18]
		},
		"firstperson_lefthand": {
			"rotation": [0, 80, 0],
			"scale": [0.18, 0.18, 0.18]
		},
		"ground": {
			"translation": [0, 3, 0],
			"scale": [0.25, 0.25, 0.25]
		},
		"gui": {
			"rotation": [30, 135, 0],
			"scale": [0.27, 0.27, 0.27]
		},
		"head": {
			"translation": [0, -6.5, 0],
			"scale": [1.6, 1.6, 1.6]
		},
		"fixed": {
			"rotation": [-90, 0, 0],
			"translation": [16, 0, -48],
			"scale": [2, 2, 2]
		}
	}
}